"cust_id","usage_month","usage_year","usage_date","usage_ccf","et_amount","hhsize","irr_area","cust_class","rate_code","meter_size","water_type","sort_index","variable_bill","total_bill","X1","X2","X3","X4","XR1","XR2","XR3","XR4","X5","XR5","hypothetical_usage","baseline_variable_bill","baseline_bill","B1","B2","B3","B4","BR1","BR2","BR3","BR4","B5","BR5","baseline_usage"
833857,1,2014,2014-01-01,5,2.5,4,1134,"RESIDENTIAL_SINGLE","R1","1""","POTABLE",14736,15,26.39,NA,NA,NA,NA,NA,NA,NA,NA,NA,NA,5,7.45,18.84,5,0,0,0,7.45,0,0,0,0,0,5
833858,1,2014,2014-01-01,10,2.5,5,725,"RESIDENTIAL_SINGLE","R1","1""","POTABLE",14737,30,41.39,NA,NA,NA,NA,NA,NA,NA,NA,NA,NA,10,14.9,26.29,10,0,0,0,14.9,0,0,0,0,0,10
833859,1,2014,2014-01-01,9,2.5,6,1392,"RESIDENTIAL_SINGLE","R1","1""","POTABLE",14738,27,38.39,NA,NA,NA,NA,NA,NA,NA,NA,NA,NA,9,13.41,24.8,9,0,0,0,13.41,0,0,0,0,0,9
833861,1,2014,2014-01-01,14,2.5,4,2213,"RESIDENTIAL_SINGLE","R1","1""","POTABLE",14739,42,53.39,NA,NA,NA,NA,NA,NA,NA,NA,NA,NA,14,23.75,35.14,9,3,2,0,13.41,5.1,5.24,0,0,0,14
833862,1,2014,2014-01-01,16,2.5,4,1118,"RESIDENTIAL_SINGLE","R1","1""","POTABLE",14740,48,59.39,NA,NA,NA,NA,NA,NA,NA,NA,NA,NA,16,33.43,44.82,9,2,3,2,13.41,3.4,7.86,8.76,0,0,16
833863,1,2014,2014-01-01,12,2.5,4,1380,"RESIDENTIAL_SINGLE","R1","1""","POTABLE",14741,36,47.39,NA,NA,NA,NA,NA,NA,NA,NA,NA,NA,12,19.43,30.82,9,2,1,0,13.41,3.4,2.62,0,0,0,12
833865,1,2014,2014-01-01,12,2.5,4,2903,"RESIDENTIAL_SINGLE","R1","1""","POTABLE",14742,36,47.39,NA,NA,NA,NA,NA,NA,NA,NA,NA,NA,12,18.51,29.9,9,3,0,0,13.41,5.1,0,0,0,0,12
833866,1,2014,2014-01-01,6,2.5,4,2101,"RESIDENTIAL_SINGLE","R1","1""","POTABLE",14743,18,29.39,NA,NA,NA,NA,NA,NA,NA,NA,NA,NA,6,8.94,20.33,6,0,0,0,8.94,0,0,0,0,0,6
833867,1,2014,2014-01-01,2,0.91,4,1811,"RESIDENTIAL_SINGLE","R1","1""","POTABLE",14744,6,17.39,NA,NA,NA,NA,NA,NA,NA,NA,NA,NA,2,2.98,14.37,2,0,0,0,2.98,0,0,0,0,0,2
833868,1,2014,2014-01-01,9,2.5,4,2842,"RESIDENTIAL_SINGLE","R1","1""","POTABLE",14745,27,38.39,NA,NA,NA,NA,NA,NA,NA,NA,NA,NA,9,13.41,24.8,9,0,0,0,13.41,0,0,0,0,0,9
833869,1,2014,2014-01-01,21,2.5,4,2035,"RESIDENTIAL_SINGLE","R1","1""","POTABLE",14746,63,74.39,NA,NA,NA,NA,NA,NA,NA,NA,NA,NA,21,62.23,73.62,9,3,3,4,13.41,5.1,7.86,17.52,2,18.34,21
833872,1,2014,2014-01-01,5,2.5,4,2452,"RESIDENTIAL_SINGLE","R1","1""","POTABLE",14747,15,26.39,NA,NA,NA,NA,NA,NA,NA,NA,NA,NA,5,7.45,18.84,5,0,0,0,7.45,0,0,0,0,0,5
833873,1,2014,2014-01-01,3,2.5,4,2829,"RESIDENTIAL_SINGLE","R1","1""","POTABLE",14748,9,20.39,NA,NA,NA,NA,NA,NA,NA,NA,NA,NA,3,4.47,15.86,3,0,0,0,4.47,0,0,0,0,0,3
833874,1,2014,2014-01-01,11,2.5,4,3586,"RESIDENTIAL_SINGLE","R1","1""","POTABLE",14749,33,44.39,NA,NA,NA,NA,NA,NA,NA,NA,NA,NA,11,16.81,28.2,9,2,0,0,13.41,3.4,0,0,0,0,11
833875,1,2014,2014-01-01,43,2.5,4,4042,"RESIDENTIAL_SINGLE","R1","1""","POTABLE",14750,129,140.39,NA,NA,NA,NA,NA,NA,NA,NA,NA,NA,43,235.01,246.4,9,6,4,4,13.41,10.2,10.48,17.52,20,183.4,43
833876,1,2014,2014-01-01,12,2.5,4,2722,"RESIDENTIAL_SINGLE","R1","1""","POTABLE",14751,36,47.39,NA,NA,NA,NA,NA,NA,NA,NA,NA,NA,12,18.51,29.9,9,3,0,0,13.41,5.1,0,0,0,0,12
833877,1,2014,2014-01-01,33,2.5,4,3967,"RESIDENTIAL_SINGLE","R1","1""","POTABLE",14752,99,110.39,NA,NA,NA,NA,NA,NA,NA,NA,NA,NA,33,143.31,154.7,9,6,4,4,13.41,10.2,10.48,17.52,10,91.7,33
833879,1,2014,2014-01-01,56,2.5,13,3695,"RESIDENTIAL_SINGLE","R1","1""","POTABLE",14753,168,179.39,NA,NA,NA,NA,NA,NA,NA,NA,NA,NA,56,128.56,139.95,31,6,9,9,46.19,10.2,23.58,39.42,1,9.17,56
833881,1,2014,2014-01-01,16,2.5,4,2850,"RESIDENTIAL_SINGLE","R1","1""","POTABLE",14754,48,59.39,NA,NA,NA,NA,NA,NA,NA,NA,NA,NA,16,28.07,39.46,9,4,3,0,13.41,6.8,7.86,0,0,0,16
833884,1,2014,2014-01-01,10,2.5,4,1803,"RESIDENTIAL_SINGLE","R1","1""","POTABLE",14755,30,41.39,NA,NA,NA,NA,NA,NA,NA,NA,NA,NA,10,15.11,26.5,9,1,0,0,13.41,1.7,0,0,0,0,10
833887,1,2014,2014-01-01,12,2.56,5,2512,"RESIDENTIAL_SINGLE","R1","1""","POTABLE",14756,36,47.39,NA,NA,NA,NA,NA,NA,NA,NA,NA,NA,12,17.88,29.27,12,0,0,0,17.88,0,0,0,0,0,12
833889,1,2014,2014-01-01,14,2.5,4,3205,"RESIDENTIAL_SINGLE","R1","1""","POTABLE",14757,42,53.39,NA,NA,NA,NA,NA,NA,NA,NA,NA,NA,14,21.91,33.3,9,5,0,0,13.41,8.5,0,0,0,0,14
833896,1,2014,2014-01-01,8,2.5,4,4860,"RESIDENTIAL_SINGLE","R1","1""","POTABLE",14758,24,35.39,NA,NA,NA,NA,NA,NA,NA,NA,NA,NA,8,11.92,23.31,8,0,0,0,11.92,0,0,0,0,0,8
833897,1,2014,2014-01-01,40,2.5,5,3000,"RESIDENTIAL_SINGLE","R1","1""","POTABLE",14759,120,131.39,NA,NA,NA,NA,NA,NA,NA,NA,NA,NA,40,199.4,210.79,12,4,4,4,17.88,6.8,10.48,17.52,16,146.72,40
833903,1,2014,2014-01-01,5,2.5,4,907,"RESIDENTIAL_SINGLE","R1","1""","POTABLE",14760,15,26.39,NA,NA,NA,NA,NA,NA,NA,NA,NA,NA,5,7.45,18.84,5,0,0,0,7.45,0,0,0,0,0,5
833904,1,2014,2014-01-01,22,2.5,4,1250,"RESIDENTIAL_SINGLE","R1","1""","POTABLE",14761,66,77.39,NA,NA,NA,NA,NA,NA,NA,NA,NA,NA,22,83.66,95.05,9,2,3,3,13.41,3.4,7.86,13.14,5,45.85,22
833906,1,2014,2014-01-01,34,2.5,6,1039,"RESIDENTIAL_SINGLE","R1","1""","POTABLE",14762,102,113.39,NA,NA,NA,NA,NA,NA,NA,NA,NA,NA,34,143.96,155.35,14,2,4,4,20.86,3.4,10.48,17.52,10,91.7,34
833907,1,2014,2014-01-01,7,2.5,4,1022,"RESIDENTIAL_SINGLE","R1","1""","POTABLE",14763,21,32.39,NA,NA,NA,NA,NA,NA,NA,NA,NA,NA,7,10.43,21.82,7,0,0,0,10.43,0,0,0,0,0,7
833908,1,2014,2014-01-01,12,2.5,5,815,"RESIDENTIAL_SINGLE","R1","1""","POTABLE",14764,36,47.39,NA,NA,NA,NA,NA,NA,NA,NA,NA,NA,12,17.88,29.27,12,0,0,0,17.88,0,0,0,0,0,12
833909,1,2014,2014-01-01,10,2.5,4,1990,"RESIDENTIAL_SINGLE","R1","1""","POTABLE",14765,30,41.39,NA,NA,NA,NA,NA,NA,NA,NA,NA,NA,10,15.11,26.5,9,1,0,0,13.41,1.7,0,0,0,0,10
833911,1,2014,2014-01-01,13,2.5,4,1700,"RESIDENTIAL_SINGLE","R1","1""","POTABLE",14766,39,50.39,NA,NA,NA,NA,NA,NA,NA,NA,NA,NA,13,21.13,32.52,9,3,1,0,13.41,5.1,2.62,0,0,0,13
833914,1,2014,2014-01-01,12,2.5,4,1665,"RESIDENTIAL_SINGLE","R1","1""","POTABLE",14767,36,47.39,NA,NA,NA,NA,NA,NA,NA,NA,NA,NA,12,18.51,29.9,9,3,0,0,13.41,5.1,0,0,0,0,12
833915,1,2014,2014-01-01,17,2.5,5,6196,"RESIDENTIAL_SINGLE","R1","1""","POTABLE",14768,51,62.39,NA,NA,NA,NA,NA,NA,NA,NA,NA,NA,17,26.38,37.77,12,5,0,0,17.88,8.5,0,0,0,0,17
833918,1,2014,2014-01-01,10,2.56,10,3409,"RESIDENTIAL_SINGLE","R1","1""","POTABLE",14769,30,41.39,NA,NA,NA,NA,NA,NA,NA,NA,NA,NA,10,14.9,26.29,10,0,0,0,14.9,0,0,0,0,0,10
833920,1,2014,2014-01-01,7,2.5,4,2566,"RESIDENTIAL_SINGLE","R1","1""","POTABLE",14771,21,32.39,NA,NA,NA,NA,NA,NA,NA,NA,NA,NA,7,10.43,21.82,7,0,0,0,10.43,0,0,0,0,0,7
833922,1,2014,2014-01-01,5,2.5,4,1508,"RESIDENTIAL_SINGLE","R1","1""","POTABLE",14772,15,26.39,NA,NA,NA,NA,NA,NA,NA,NA,NA,NA,5,7.45,18.84,5,0,0,0,7.45,0,0,0,0,0,5
833924,1,2014,2014-01-01,12,2.5,4,1230,"RESIDENTIAL_SINGLE","R1","1""","POTABLE",14773,36,47.39,NA,NA,NA,NA,NA,NA,NA,NA,NA,NA,12,19.43,30.82,9,2,1,0,13.41,3.4,2.62,0,0,0,12
833926,1,2014,2014-01-01,7,2.5,4,1650,"RESIDENTIAL_SINGLE","R1","1""","POTABLE",14774,21,32.39,NA,NA,NA,NA,NA,NA,NA,NA,NA,NA,7,10.43,21.82,7,0,0,0,10.43,0,0,0,0,0,7
833927,1,2014,2014-01-01,3,2.5,4,1556,"RESIDENTIAL_SINGLE","R1","1""","POTABLE",14775,9,20.39,NA,NA,NA,NA,NA,NA,NA,NA,NA,NA,3,4.47,15.86,3,0,0,0,4.47,0,0,0,0,0,3
833929,1,2014,2014-01-01,6,2.5,4,1286,"RESIDENTIAL_SINGLE","R1","1""","POTABLE",14776,18,29.39,NA,NA,NA,NA,NA,NA,NA,NA,NA,NA,6,8.94,20.33,6,0,0,0,8.94,0,0,0,0,0,6
833931,1,2014,2014-01-01,20,2.5,4,1290,"RESIDENTIAL_SINGLE","R1","1""","POTABLE",14777,60,71.39,NA,NA,NA,NA,NA,NA,NA,NA,NA,NA,20,65.32,76.71,9,2,3,3,13.41,3.4,7.86,13.14,3,27.51,20
833932,1,2014,2014-01-01,14,2.56,4,1430,"RESIDENTIAL_SINGLE","R1","1""","POTABLE",14778,42,53.39,NA,NA,NA,NA,NA,NA,NA,NA,NA,NA,14,24.67,36.06,9,2,3,0,13.41,3.4,7.86,0,0,0,14
833933,1,2014,2014-01-01,13,2.5,4,1746,"RESIDENTIAL_SINGLE","R1","1""","POTABLE",14779,39,50.39,NA,NA,NA,NA,NA,NA,NA,NA,NA,NA,13,21.13,32.52,9,3,1,0,13.41,5.1,2.62,0,0,0,13
833934,1,2014,2014-01-01,12,2.5,4,1325,"RESIDENTIAL_SINGLE","R1","1""","POTABLE",14780,36,47.39,NA,NA,NA,NA,NA,NA,NA,NA,NA,NA,12,19.43,30.82,9,2,1,0,13.41,3.4,2.62,0,0,0,12
833935,1,2014,2014-01-01,15,2.5,4,986,"RESIDENTIAL_SINGLE","R1","1""","POTABLE",14781,45,56.39,NA,NA,NA,NA,NA,NA,NA,NA,NA,NA,15,30.81,42.2,9,2,2,2,13.41,3.4,5.24,8.76,0,0,15
833936,1,2014,2014-01-01,17,2.44,6,2200,"RESIDENTIAL_SINGLE","R1","1""","POTABLE",14782,51,62.39,NA,NA,NA,NA,NA,NA,NA,NA,NA,NA,17,25.96,37.35,14,3,0,0,20.86,5.1,0,0,0,0,17
833941,1,2014,2014-01-01,6,2.5,4,1500,"RESIDENTIAL_SINGLE","R1","1""","POTABLE",14783,18,29.39,NA,NA,NA,NA,NA,NA,NA,NA,NA,NA,6,8.94,20.33,6,0,0,0,8.94,0,0,0,0,0,6
833943,1,2014,2014-01-01,9,2.5,4,1667,"RESIDENTIAL_SINGLE","R1","1""","POTABLE",14784,27,38.39,NA,NA,NA,NA,NA,NA,NA,NA,NA,NA,9,13.41,24.8,9,0,0,0,13.41,0,0,0,0,0,9
833944,1,2014,2014-01-01,20,2.44,4,2998,"RESIDENTIAL_SINGLE","R1","1""","POTABLE",14785,60,71.39,NA,NA,NA,NA,NA,NA,NA,NA,NA,NA,20,43.83,55.22,9,4,4,3,13.41,6.8,10.48,13.14,0,0,20
833946,1,2014,2014-01-01,13,2.5,4,1604,"RESIDENTIAL_SINGLE","R1","1""","POTABLE",14786,39,50.39,NA,NA,NA,NA,NA,NA,NA,NA,NA,NA,13,21.13,32.52,9,3,1,0,13.41,5.1,2.62,0,0,0,13
833947,1,2014,2014-01-01,17,2.5,4,2149,"RESIDENTIAL_SINGLE","R1","1""","POTABLE",14787,51,62.39,NA,NA,NA,NA,NA,NA,NA,NA,NA,NA,17,33.37,44.76,9,3,4,1,13.41,5.1,10.48,4.38,0,0,17
833951,1,2014,2014-01-01,17,2.51,4,1708,"RESIDENTIAL_SINGLE","R1","1""","POTABLE",14788,51,62.39,NA,NA,NA,NA,NA,NA,NA,NA,NA,NA,17,35.13,46.52,9,3,3,2,13.41,5.1,7.86,8.76,0,0,17
833952,1,2014,2014-01-01,8,2.51,4,2857,"RESIDENTIAL_SINGLE","R1","1""","POTABLE",14789,24,35.39,NA,NA,NA,NA,NA,NA,NA,NA,NA,NA,8,11.92,23.31,8,0,0,0,11.92,0,0,0,0,0,8
833953,1,2014,2014-01-01,14,2.57,4,3500,"RESIDENTIAL_SINGLE","R1","1""","POTABLE",14790,42,53.39,NA,NA,NA,NA,NA,NA,NA,NA,NA,NA,14,21.91,33.3,9,5,0,0,13.41,8.5,0,0,0,0,14
833955,1,2014,2014-01-01,8,2.5,4,4470,"RESIDENTIAL_SINGLE","R1","1""","POTABLE",14791,24,35.39,NA,NA,NA,NA,NA,NA,NA,NA,NA,NA,8,11.92,23.31,8,0,0,0,11.92,0,0,0,0,0,8
833958,1,2014,2014-01-01,5,2.5,4,2514,"RESIDENTIAL_SINGLE","R1","1""","POTABLE",14792,15,26.39,NA,NA,NA,NA,NA,NA,NA,NA,NA,NA,5,7.45,18.84,5,0,0,0,7.45,0,0,0,0,0,5
833961,1,2014,2014-01-01,19,2.5,4,3258,"RESIDENTIAL_SINGLE","R1","1""","POTABLE",14793,57,68.39,NA,NA,NA,NA,NA,NA,NA,NA,NA,NA,19,36.77,48.16,9,5,4,1,13.41,8.5,10.48,4.38,0,0,19
833962,1,2014,2014-01-01,3,2.5,4,1458,"RESIDENTIAL_SINGLE","R1","1""","POTABLE",14794,9,20.39,NA,NA,NA,NA,NA,NA,NA,NA,NA,NA,3,4.47,15.86,3,0,0,0,4.47,0,0,0,0,0,3
833964,1,2014,2014-01-01,6,2.5,4,1421,"RESIDENTIAL_SINGLE","R1","1""","POTABLE",14795,18,29.39,NA,NA,NA,NA,NA,NA,NA,NA,NA,NA,6,8.94,20.33,6,0,0,0,8.94,0,0,0,0,0,6
833966,1,2014,2014-01-01,4,2.5,4,1404,"RESIDENTIAL_SINGLE","R1","1""","POTABLE",14796,12,23.39,NA,NA,NA,NA,NA,NA,NA,NA,NA,NA,4,5.96,17.35,4,0,0,0,5.96,0,0,0,0,0,4
833968,1,2014,2014-01-01,18,2.5,4,1995,"RESIDENTIAL_SINGLE","R1","1""","POTABLE",14797,54,65.39,NA,NA,NA,NA,NA,NA,NA,NA,NA,NA,18,39.51,50.9,9,3,3,3,13.41,5.1,7.86,13.14,0,0,18
833969,1,2014,2014-01-01,36,2.5,4,3200,"RESIDENTIAL_SINGLE","R1","1""","POTABLE",14798,108,119.39,NA,NA,NA,NA,NA,NA,NA,NA,NA,NA,36,184.84,196.23,9,5,3,4,13.41,8.5,7.86,17.52,15,137.55,36
833971,1,2014,2014-01-01,15,2.51,6,1797,"RESIDENTIAL_SINGLE","R1","1""","POTABLE",14799,45,56.39,NA,NA,NA,NA,NA,NA,NA,NA,NA,NA,15,22.56,33.95,14,1,0,0,20.86,1.7,0,0,0,0,15
833973,1,2014,2014-01-01,22,2.51,4,1500,"RESIDENTIAL_SINGLE","R1","1""","POTABLE",14800,66,77.39,NA,NA,NA,NA,NA,NA,NA,NA,NA,NA,22,83.66,95.05,9,2,3,3,13.41,3.4,7.86,13.14,5,45.85,22
833975,1,2014,2014-01-01,18,2.51,4,1096,"RESIDENTIAL_SINGLE","R1","1""","POTABLE",14801,54,65.39,NA,NA,NA,NA,NA,NA,NA,NA,NA,NA,18,46.98,58.37,9,2,3,3,13.41,3.4,7.86,13.14,1,9.17,18
833976,1,2014,2014-01-01,18,2.51,8,1781,"RESIDENTIAL_SINGLE","R1","1""","POTABLE",14802,54,65.39,NA,NA,NA,NA,NA,NA,NA,NA,NA,NA,18,26.82,38.21,18,0,0,0,26.82,0,0,0,0,0,18
833978,1,2014,2014-01-01,13,2.51,4,901,"RESIDENTIAL_SINGLE","R1","1""","POTABLE",14803,39,50.39,NA,NA,NA,NA,NA,NA,NA,NA,NA,NA,13,22.05,33.44,9,2,2,0,13.41,3.4,5.24,0,0,0,13
833982,1,2014,2014-01-01,11,2.45,4,3036,"RESIDENTIAL_SINGLE","R1","1""","POTABLE",14804,33,44.39,NA,NA,NA,NA,NA,NA,NA,NA,NA,NA,11,16.81,28.2,9,2,0,0,13.41,3.4,0,0,0,0,11
833988,1,2014,2014-01-01,9,2.57,4,3200,"RESIDENTIAL_SINGLE","R1","1""","POTABLE",14805,27,38.39,NA,NA,NA,NA,NA,NA,NA,NA,NA,NA,9,13.41,24.8,9,0,0,0,13.41,0,0,0,0,0,9
833992,1,2014,2014-01-01,16,2.51,4,1606,"RESIDENTIAL_SINGLE","R1","1""","POTABLE",14806,48,59.39,NA,NA,NA,NA,NA,NA,NA,NA,NA,NA,16,30.75,42.14,9,3,3,1,13.41,5.1,7.86,4.38,0,0,16
833996,1,2014,2014-01-01,16,2.45,4,2100,"RESIDENTIAL_SINGLE","R1","1""","POTABLE",14807,48,59.39,NA,NA,NA,NA,NA,NA,NA,NA,NA,NA,16,30.75,42.14,9,3,3,1,13.41,5.1,7.86,4.38,0,0,16
833999,1,2014,2014-01-01,21,2.51,5,3710,"RESIDENTIAL_SINGLE","R1","1""","POTABLE",14808,63,74.39,NA,NA,NA,NA,NA,NA,NA,NA,NA,NA,21,36.86,48.25,12,5,4,0,17.88,8.5,10.48,0,0,0,21
834003,1,2014,2014-01-01,10,2.51,4,1950,"RESIDENTIAL_SINGLE","R1","1""","POTABLE",14810,30,41.39,NA,NA,NA,NA,NA,NA,NA,NA,NA,NA,10,15.11,26.5,9,1,0,0,13.41,1.7,0,0,0,0,10
834005,1,2014,2014-01-01,19,2.51,4,1434,"RESIDENTIAL_SINGLE","R1","1""","POTABLE",14811,57,68.39,NA,NA,NA,NA,NA,NA,NA,NA,NA,NA,19,56.15,67.54,9,2,3,3,13.41,3.4,7.86,13.14,2,18.34,19
834008,1,2014,2014-01-01,12,2.51,5,2592,"RESIDENTIAL_SINGLE","R1","1""","POTABLE",14812,36,47.39,NA,NA,NA,NA,NA,NA,NA,NA,NA,NA,12,17.88,29.27,12,0,0,0,17.88,0,0,0,0,0,12
834009,1,2014,2014-01-01,10,2.51,4,2000,"RESIDENTIAL_SINGLE","R1","1""","POTABLE",14813,30,41.39,NA,NA,NA,NA,NA,NA,NA,NA,NA,NA,10,15.11,26.5,9,1,0,0,13.41,1.7,0,0,0,0,10
834010,1,2014,2014-01-01,18,2.51,4,2100,"RESIDENTIAL_SINGLE","R1","1""","POTABLE",14814,54,65.39,NA,NA,NA,NA,NA,NA,NA,NA,NA,NA,18,37.75,49.14,9,3,4,2,13.41,5.1,10.48,8.76,0,0,18
834012,1,2014,2014-01-01,9,2.51,4,1813,"RESIDENTIAL_SINGLE","R1","1""","POTABLE",14815,27,38.39,NA,NA,NA,NA,NA,NA,NA,NA,NA,NA,9,13.41,24.8,9,0,0,0,13.41,0,0,0,0,0,9
834014,1,2014,2014-01-01,14,2.51,4,2700,"RESIDENTIAL_SINGLE","R1","1""","POTABLE",14816,42,53.39,NA,NA,NA,NA,NA,NA,NA,NA,NA,NA,14,22.83,34.22,9,4,1,0,13.41,6.8,2.62,0,0,0,14
834019,1,2014,2014-01-01,17,2.5,4,1337,"RESIDENTIAL_SINGLE","R1","1""","POTABLE",14817,51,62.39,NA,NA,NA,NA,NA,NA,NA,NA,NA,NA,17,37.81,49.2,9,2,3,3,13.41,3.4,7.86,13.14,0,0,17
834022,1,2014,2014-01-01,10,2.5,4,2055,"RESIDENTIAL_SINGLE","R1","1""","POTABLE",14818,30,41.39,NA,NA,NA,NA,NA,NA,NA,NA,NA,NA,10,15.11,26.5,9,1,0,0,13.41,1.7,0,0,0,0,10
834023,1,2014,2014-01-01,26,2.5,6,1819,"RESIDENTIAL_SINGLE","R1","1""","POTABLE",14819,78,89.39,NA,NA,NA,NA,NA,NA,NA,NA,NA,NA,26,63.13,74.52,14,3,4,4,20.86,5.1,10.48,17.52,1,9.17,26
834024,1,2014,2014-01-01,14,2.5,4,1511,"RESIDENTIAL_SINGLE","R1","1""","POTABLE",14820,42,53.39,NA,NA,NA,NA,NA,NA,NA,NA,NA,NA,14,24.67,36.06,9,2,3,0,13.41,3.4,7.86,0,0,0,14
834025,1,2014,2014-01-01,9,2.5,4,1950,"RESIDENTIAL_SINGLE","R1","1""","POTABLE",14821,27,38.39,NA,NA,NA,NA,NA,NA,NA,NA,NA,NA,9,13.41,24.8,9,0,0,0,13.41,0,0,0,0,0,9
834026,1,2014,2014-01-01,10,2.5,4,1385,"RESIDENTIAL_SINGLE","R1","1""","POTABLE",14822,30,41.39,NA,NA,NA,NA,NA,NA,NA,NA,NA,NA,10,15.11,26.5,9,1,0,0,13.41,1.7,0,0,0,0,10
834028,1,2014,2014-01-01,16,2.44,6,2673,"RESIDENTIAL_SINGLE","R1","1""","POTABLE",14823,48,59.39,NA,NA,NA,NA,NA,NA,NA,NA,NA,NA,16,24.26,35.65,14,2,0,0,20.86,3.4,0,0,0,0,16
834029,1,2014,2014-01-01,12,2.56,5,3420,"RESIDENTIAL_SINGLE","R1","1""","POTABLE",14824,36,47.39,NA,NA,NA,NA,NA,NA,NA,NA,NA,NA,12,17.88,29.27,12,0,0,0,17.88,0,0,0,0,0,12
834033,1,2014,2014-01-01,17,2.5,4,3907,"RESIDENTIAL_SINGLE","R1","1""","POTABLE",14825,51,62.39,NA,NA,NA,NA,NA,NA,NA,NA,NA,NA,17,28.85,40.24,9,6,2,0,13.41,10.2,5.24,0,0,0,17
834036,1,2014,2014-01-01,5,2.56,4,2035,"RESIDENTIAL_SINGLE","R1","1""","POTABLE",14826,15,26.39,NA,NA,NA,NA,NA,NA,NA,NA,NA,NA,5,7.45,18.84,5,0,0,0,7.45,0,0,0,0,0,5
834040,1,2014,2014-01-01,23,2.5,4,2745,"RESIDENTIAL_SINGLE","R1","1""","POTABLE",14827,69,80.39,NA,NA,NA,NA,NA,NA,NA,NA,NA,NA,23,71.34,82.73,9,4,4,3,13.41,6.8,10.48,13.14,3,27.51,23
834044,1,2014,2014-01-01,14,2.5,5,3817,"RESIDENTIAL_SINGLE","R1","1""","POTABLE",14828,42,53.39,NA,NA,NA,NA,NA,NA,NA,NA,NA,NA,14,21.28,32.67,12,2,0,0,17.88,3.4,0,0,0,0,14
834047,1,2014,2014-01-01,20,2.5,7,4552,"RESIDENTIAL_SINGLE","R1","1""","POTABLE",14829,60,71.39,NA,NA,NA,NA,NA,NA,NA,NA,NA,NA,20,30.43,41.82,17,3,0,0,25.33,5.1,0,0,0,0,20
834048,1,2014,2014-01-01,12,2.5,4,5214,"RESIDENTIAL_SINGLE","R1","1""","POTABLE",14830,36,47.39,NA,NA,NA,NA,NA,NA,NA,NA,NA,NA,12,18.51,29.9,9,3,0,0,13.41,5.1,0,0,0,0,12
834049,1,2014,2014-01-01,13,2.5,4,1265,"RESIDENTIAL_SINGLE","R1","1""","POTABLE",14831,39,50.39,NA,NA,NA,NA,NA,NA,NA,NA,NA,NA,13,22.05,33.44,9,2,2,0,13.41,3.4,5.24,0,0,0,13
834050,1,2014,2014-01-01,12,2.5,4,6889,"RESIDENTIAL_SINGLE","R1","1""","POTABLE",14832,36,47.39,NA,NA,NA,NA,NA,NA,NA,NA,NA,NA,12,18.51,29.9,9,3,0,0,13.41,5.1,0,0,0,0,12
834052,1,2014,2014-01-01,11,2.5,4,4100,"RESIDENTIAL_SINGLE","R1","1""","POTABLE",14833,33,44.39,NA,NA,NA,NA,NA,NA,NA,NA,NA,NA,11,16.81,28.2,9,2,0,0,13.41,3.4,0,0,0,0,11
834055,1,2014,2014-01-01,20,2.5,4,2660,"RESIDENTIAL_SINGLE","R1","1""","POTABLE",14834,60,71.39,NA,NA,NA,NA,NA,NA,NA,NA,NA,NA,20,43.83,55.22,9,4,4,3,13.41,6.8,10.48,13.14,0,0,20
834056,1,2014,2014-01-01,14,2.5,4,3064,"RESIDENTIAL_SINGLE","R1","1""","POTABLE",14835,42,53.39,NA,NA,NA,NA,NA,NA,NA,NA,NA,NA,14,21.91,33.3,9,5,0,0,13.41,8.5,0,0,0,0,14
834057,1,2014,2014-01-01,21,2.5,4,3028,"RESIDENTIAL_SINGLE","R1","1""","POTABLE",14836,63,74.39,NA,NA,NA,NA,NA,NA,NA,NA,NA,NA,21,47.29,58.68,9,5,3,4,13.41,8.5,7.86,17.52,0,0,21
834058,1,2014,2014-01-01,8,2.5,4,2876,"RESIDENTIAL_SINGLE","R1","1""","POTABLE",14837,24,35.39,NA,NA,NA,NA,NA,NA,NA,NA,NA,NA,8,11.92,23.31,8,0,0,0,11.92,0,0,0,0,0,8
834064,1,2014,2014-01-01,11,2.5,4,2253,"RESIDENTIAL_SINGLE","R1","1""","POTABLE",14838,33,44.39,NA,NA,NA,NA,NA,NA,NA,NA,NA,NA,11,16.81,28.2,9,2,0,0,13.41,3.4,0,0,0,0,11
834073,1,2014,2014-01-01,12,2.44,4,1753,"RESIDENTIAL_SINGLE","R1","1""","POTABLE",14839,36,47.39,NA,NA,NA,NA,NA,NA,NA,NA,NA,NA,12,18.51,29.9,9,3,0,0,13.41,5.1,0,0,0,0,12
834074,1,2014,2014-01-01,18,2.44,4,1088,"RESIDENTIAL_SINGLE","R1","1""","POTABLE",14840,54,65.39,NA,NA,NA,NA,NA,NA,NA,NA,NA,NA,18,51.77,63.16,9,2,3,2,13.41,3.4,7.86,8.76,2,18.34,18
834076,1,2014,2014-01-01,7,2.5,4,1354,"RESIDENTIAL_SINGLE","R1","1""","POTABLE",14841,21,32.39,NA,NA,NA,NA,NA,NA,NA,NA,NA,NA,7,10.43,21.82,7,0,0,0,10.43,0,0,0,0,0,7
834081,1,2014,2014-01-01,14,2.5,6,1843,"RESIDENTIAL_SINGLE","R1","1""","POTABLE",14842,42,53.39,NA,NA,NA,NA,NA,NA,NA,NA,NA,NA,14,20.86,32.25,14,0,0,0,20.86,0,0,0,0,0,14
834083,1,2014,2014-01-01,6,2.5,4,952,"RESIDENTIAL_SINGLE","R1","1""","POTABLE",14843,18,29.39,NA,NA,NA,NA,NA,NA,NA,NA,NA,NA,6,8.94,20.33,6,0,0,0,8.94,0,0,0,0,0,6
834084,1,2014,2014-01-01,12,2.5,4,1223,"RESIDENTIAL_SINGLE","R1","1""","POTABLE",14844,36,47.39,NA,NA,NA,NA,NA,NA,NA,NA,NA,NA,12,19.43,30.82,9,2,1,0,13.41,3.4,2.62,0,0,0,12
834088,1,2014,2014-01-01,14,2.5,4,681,"RESIDENTIAL_SINGLE","R1","1""","POTABLE",14845,42,53.39,NA,NA,NA,NA,NA,NA,NA,NA,NA,NA,14,27.35,38.74,9,1,3,1,13.41,1.7,7.86,4.38,0,0,14
834090,1,2014,2014-01-01,18,2.5,4,1487,"RESIDENTIAL_SINGLE","R1","1""","POTABLE",14846,54,65.39,NA,NA,NA,NA,NA,NA,NA,NA,NA,NA,18,46.98,58.37,9,2,3,3,13.41,3.4,7.86,13.14,1,9.17,18
834093,1,2014,2014-01-01,19,2.5,5,4707,"RESIDENTIAL_SINGLE","R1","1""","POTABLE",14847,57,68.39,NA,NA,NA,NA,NA,NA,NA,NA,NA,NA,19,29.78,41.17,12,7,0,0,17.88,11.9,0,0,0,0,19
834094,1,2014,2014-01-01,15,2.5,4,3964,"RESIDENTIAL_SINGLE","R1","1""","POTABLE",14848,45,56.39,NA,NA,NA,NA,NA,NA,NA,NA,NA,NA,15,23.61,35,9,6,0,0,13.41,10.2,0,0,0,0,15
834095,1,2014,2014-01-01,20,2.5,4,2836,"RESIDENTIAL_SINGLE","R1","1""","POTABLE",14849,60,71.39,NA,NA,NA,NA,NA,NA,NA,NA,NA,NA,20,43.83,55.22,9,4,4,3,13.41,6.8,10.48,13.14,0,0,20
834098,1,2014,2014-01-01,13,2.44,4,2298,"RESIDENTIAL_SINGLE","R1","1""","POTABLE",14850,39,50.39,NA,NA,NA,NA,NA,NA,NA,NA,NA,NA,13,20.21,31.6,9,4,0,0,13.41,6.8,0,0,0,0,13
834100,1,2014,2014-01-01,8,2.5,4,2933,"RESIDENTIAL_SINGLE","R1","1""","POTABLE",14851,24,35.39,NA,NA,NA,NA,NA,NA,NA,NA,NA,NA,8,11.92,23.31,8,0,0,0,11.92,0,0,0,0,0,8
834102,1,2014,2014-01-01,15,2.44,4,4179,"RESIDENTIAL_SINGLE","R1","1""","POTABLE",14852,45,56.39,NA,NA,NA,NA,NA,NA,NA,NA,NA,NA,15,23.61,35,9,6,0,0,13.41,10.2,0,0,0,0,15
834105,1,2014,2014-01-01,11,2.5,4,3470,"RESIDENTIAL_SINGLE","R1","1""","POTABLE",14853,33,44.39,NA,NA,NA,NA,NA,NA,NA,NA,NA,NA,11,16.81,28.2,9,2,0,0,13.41,3.4,0,0,0,0,11
834107,1,2014,2014-01-01,26,2.5,4,7929,"RESIDENTIAL_SINGLE","R1","1""","POTABLE",14854,78,89.39,NA,NA,NA,NA,NA,NA,NA,NA,NA,NA,26,46.91,58.3,9,12,5,0,13.41,20.4,13.1,0,0,0,26
834108,1,2014,2014-01-01,27,2.56,4,6200,"RESIDENTIAL_SINGLE","R1","1""","POTABLE",14855,81,92.39,NA,NA,NA,NA,NA,NA,NA,NA,NA,NA,27,59.33,70.72,9,9,5,4,13.41,15.3,13.1,17.52,0,0,27
834111,1,2014,2014-01-01,5,2.5,4,1540,"RESIDENTIAL_SINGLE","R1","1""","POTABLE",14856,15,26.39,NA,NA,NA,NA,NA,NA,NA,NA,NA,NA,5,7.45,18.84,5,0,0,0,7.45,0,0,0,0,0,5
834114,1,2014,2014-01-01,14,2.5,4,1669,"RESIDENTIAL_SINGLE","R1","1""","POTABLE",14857,42,53.39,NA,NA,NA,NA,NA,NA,NA,NA,NA,NA,14,23.75,35.14,9,3,2,0,13.41,5.1,5.24,0,0,0,14
834117,1,2014,2014-01-01,7,2.5,4,3244,"RESIDENTIAL_SINGLE","R1","1""","POTABLE",14858,21,32.39,NA,NA,NA,NA,NA,NA,NA,NA,NA,NA,7,10.43,21.82,7,0,0,0,10.43,0,0,0,0,0,7
834118,1,2014,2014-01-01,12,2.56,4,3988,"RESIDENTIAL_SINGLE","R1","1""","POTABLE",14859,36,47.39,NA,NA,NA,NA,NA,NA,NA,NA,NA,NA,12,18.51,29.9,9,3,0,0,13.41,5.1,0,0,0,0,12
834122,1,2014,2014-01-01,8,2.56,5,2500,"RESIDENTIAL_SINGLE","R1","1""","POTABLE",14860,24,35.39,NA,NA,NA,NA,NA,NA,NA,NA,NA,NA,8,11.92,23.31,8,0,0,0,11.92,0,0,0,0,0,8
834123,1,2014,2014-01-01,17,2.5,4,2700,"RESIDENTIAL_SINGLE","R1","1""","POTABLE",14861,51,62.39,NA,NA,NA,NA,NA,NA,NA,NA,NA,NA,17,30.69,42.08,9,4,4,0,13.41,6.8,10.48,0,0,0,17
834124,1,2014,2014-01-01,17,2.5,4,2900,"RESIDENTIAL_SINGLE","R1","1""","POTABLE",14862,51,62.39,NA,NA,NA,NA,NA,NA,NA,NA,NA,NA,17,30.69,42.08,9,4,4,0,13.41,6.8,10.48,0,0,0,17
834128,1,2014,2014-01-01,11,2.5,4,1074,"RESIDENTIAL_SINGLE","R1","1""","POTABLE",14863,33,44.39,NA,NA,NA,NA,NA,NA,NA,NA,NA,NA,11,16.81,28.2,9,2,0,0,13.41,3.4,0,0,0,0,11
834135,1,2014,2014-01-01,4,2.5,4,3714,"RESIDENTIAL_SINGLE","R1","1""","POTABLE",14864,12,23.39,NA,NA,NA,NA,NA,NA,NA,NA,NA,NA,4,5.96,17.35,4,0,0,0,5.96,0,0,0,0,0,4
834136,1,2014,2014-01-01,10,2.5,4,1773,"RESIDENTIAL_SINGLE","R1","1""","POTABLE",14865,30,41.39,NA,NA,NA,NA,NA,NA,NA,NA,NA,NA,10,15.11,26.5,9,1,0,0,13.41,1.7,0,0,0,0,10
834140,1,2014,2014-01-01,7,2.5,4,1141,"RESIDENTIAL_SINGLE","R1","1""","POTABLE",14866,21,32.39,NA,NA,NA,NA,NA,NA,NA,NA,NA,NA,7,10.43,21.82,7,0,0,0,10.43,0,0,0,0,0,7
834142,1,2014,2014-01-01,2,2.5,4,1076,"RESIDENTIAL_SINGLE","R1","1""","POTABLE",14867,6,17.39,NA,NA,NA,NA,NA,NA,NA,NA,NA,NA,2,2.98,14.37,2,0,0,0,2.98,0,0,0,0,0,2
834143,1,2014,2014-01-01,8,2.5,4,3100,"RESIDENTIAL_SINGLE","R1","1""","POTABLE",14868,24,35.39,NA,NA,NA,NA,NA,NA,NA,NA,NA,NA,8,11.92,23.31,8,0,0,0,11.92,0,0,0,0,0,8
834144,1,2014,2014-01-01,4,2.5,4,3765,"RESIDENTIAL_SINGLE","R1","1""","POTABLE",14869,12,23.39,NA,NA,NA,NA,NA,NA,NA,NA,NA,NA,4,5.96,17.35,4,0,0,0,5.96,0,0,0,0,0,4
834148,1,2014,2014-01-01,11,2.5,4,1100,"RESIDENTIAL_SINGLE","R1","1""","POTABLE",14870,33,44.39,NA,NA,NA,NA,NA,NA,NA,NA,NA,NA,11,16.81,28.2,9,2,0,0,13.41,3.4,0,0,0,0,11
834150,1,2014,2014-01-01,10,2.44,7,1400,"RESIDENTIAL_SINGLE","R1","1""","POTABLE",14871,30,41.39,NA,NA,NA,NA,NA,NA,NA,NA,NA,NA,10,14.9,26.29,10,0,0,0,14.9,0,0,0,0,0,10
834152,1,2014,2014-01-01,13,2.56,4,900,"RESIDENTIAL_SINGLE","R1","1""","POTABLE",14872,39,50.39,NA,NA,NA,NA,NA,NA,NA,NA,NA,NA,13,22.05,33.44,9,2,2,0,13.41,3.4,5.24,0,0,0,13
834155,1,2014,2014-01-01,17,2.5,4,2418,"RESIDENTIAL_SINGLE","R1","1""","POTABLE",14873,51,62.39,NA,NA,NA,NA,NA,NA,NA,NA,NA,NA,17,32.45,43.84,9,4,3,1,13.41,6.8,7.86,4.38,0,0,17
834156,1,2014,2014-01-01,15,0.97,5,2172,"RESIDENTIAL_SINGLE","R1","1""","POTABLE",14874,45,56.39,NA,NA,NA,NA,NA,NA,NA,NA,NA,NA,15,24.82,36.21,12,1,2,0,17.88,1.7,5.24,0,0,0,15
834208,1,2014,2014-01-01,10,2.5,4,2100,"RESIDENTIAL_SINGLE","R1","1""","POTABLE",14875,30,41.39,NA,NA,NA,NA,NA,NA,NA,NA,NA,NA,10,15.11,26.5,9,1,0,0,13.41,1.7,0,0,0,0,10
834211,1,2014,2014-01-01,10,2.5,4,2100,"RESIDENTIAL_SINGLE","R1","1""","POTABLE",14876,30,41.39,NA,NA,NA,NA,NA,NA,NA,NA,NA,NA,10,15.11,26.5,9,1,0,0,13.41,1.7,0,0,0,0,10
834212,1,2014,2014-01-01,25,2.5,5,3660,"RESIDENTIAL_SINGLE","R1","1""","POTABLE",14877,75,86.39,NA,NA,NA,NA,NA,NA,NA,NA,NA,NA,25,54.38,65.77,12,5,4,4,17.88,8.5,10.48,17.52,0,0,25
834216,1,2014,2014-01-01,12,2.5,4,2014,"RESIDENTIAL_SINGLE","R1","1""","POTABLE",14878,36,47.39,NA,NA,NA,NA,NA,NA,NA,NA,NA,NA,12,18.51,29.9,9,3,0,0,13.41,5.1,0,0,0,0,12
834217,1,2014,2014-01-01,8,2.5,4,3374,"RESIDENTIAL_SINGLE","R1","1""","POTABLE",14879,24,35.39,NA,NA,NA,NA,NA,NA,NA,NA,NA,NA,8,11.92,23.31,8,0,0,0,11.92,0,0,0,0,0,8
834218,1,2014,2014-01-01,22,2.5,4,2255,"RESIDENTIAL_SINGLE","R1","1""","POTABLE",14880,66,77.39,NA,NA,NA,NA,NA,NA,NA,NA,NA,NA,22,68.72,80.11,9,4,3,3,13.41,6.8,7.86,13.14,3,27.51,22
834221,1,2014,2014-01-01,11,2.5,4,3200,"RESIDENTIAL_SINGLE","R1","1""","POTABLE",14881,33,44.39,NA,NA,NA,NA,NA,NA,NA,NA,NA,NA,11,16.81,28.2,9,2,0,0,13.41,3.4,0,0,0,0,11
834222,1,2014,2014-01-01,7,2.5,4,4030,"RESIDENTIAL_SINGLE","R1","1""","POTABLE",14882,21,32.39,NA,NA,NA,NA,NA,NA,NA,NA,NA,NA,7,10.43,21.82,7,0,0,0,10.43,0,0,0,0,0,7
834232,1,2014,2014-01-01,11,2.5,4,721,"RESIDENTIAL_SINGLE","R1","1""","POTABLE",14883,33,44.39,NA,NA,NA,NA,NA,NA,NA,NA,NA,NA,11,17.73,29.12,9,1,1,0,13.41,1.7,2.62,0,0,0,11
834233,1,2014,2014-01-01,4,2.5,6,3600,"RESIDENTIAL_SINGLE","R1","1""","POTABLE",14884,12,23.39,NA,NA,NA,NA,NA,NA,NA,NA,NA,NA,4,5.96,17.35,4,0,0,0,5.96,0,0,0,0,0,4
834234,1,2014,2014-01-01,4,2.5,4,3600,"RESIDENTIAL_SINGLE","R1","1""","POTABLE",14885,12,23.39,NA,NA,NA,NA,NA,NA,NA,NA,NA,NA,4,5.96,17.35,4,0,0,0,5.96,0,0,0,0,0,4
834244,1,2014,2014-01-01,15,2.5,4,1827,"RESIDENTIAL_SINGLE","R1","1""","POTABLE",14886,45,56.39,NA,NA,NA,NA,NA,NA,NA,NA,NA,NA,15,26.37,37.76,9,3,3,0,13.41,5.1,7.86,0,0,0,15
834248,1,2014,2014-01-01,13,2.56,4,1800,"RESIDENTIAL_SINGLE","R1","1""","POTABLE",14887,39,50.39,NA,NA,NA,NA,NA,NA,NA,NA,NA,NA,13,21.13,32.52,9,3,1,0,13.41,5.1,2.62,0,0,0,13
834249,1,2014,2014-01-01,12,2.5,5,2830,"RESIDENTIAL_SINGLE","R1","1""","POTABLE",14888,36,47.39,NA,NA,NA,NA,NA,NA,NA,NA,NA,NA,12,17.88,29.27,12,0,0,0,17.88,0,0,0,0,0,12
834250,1,2014,2014-01-01,13,2.56,8,2577,"RESIDENTIAL_SINGLE","R1","1""","POTABLE",14889,39,50.39,NA,NA,NA,NA,NA,NA,NA,NA,NA,NA,13,19.37,30.76,13,0,0,0,19.37,0,0,0,0,0,13
834253,1,2014,2014-01-01,15,2.5,4,5872,"RESIDENTIAL_SINGLE","R1","1""","POTABLE",14890,45,56.39,NA,NA,NA,NA,NA,NA,NA,NA,NA,NA,15,23.61,35,9,6,0,0,13.41,10.2,0,0,0,0,15
834256,1,2014,2014-01-01,23,2.44,4,1162,"RESIDENTIAL_SINGLE","R1","1""","POTABLE",14892,69,80.39,NA,NA,NA,NA,NA,NA,NA,NA,NA,NA,23,92.83,104.22,9,2,3,3,13.41,3.4,7.86,13.14,6,55.02,23
834258,1,2014,2014-01-01,21,2.52,5,3172,"RESIDENTIAL_SINGLE","R1","1""","POTABLE",14893,63,74.39,NA,NA,NA,NA,NA,NA,NA,NA,NA,NA,21,37.78,49.17,12,4,5,0,17.88,6.8,13.1,0,0,0,21
834260,1,2014,2014-01-01,12,2.52,4,5342,"RESIDENTIAL_SINGLE","R1","1""","POTABLE",14894,36,47.39,NA,NA,NA,NA,NA,NA,NA,NA,NA,NA,12,18.51,29.9,9,3,0,0,13.41,5.1,0,0,0,0,12
834261,1,2014,2014-01-01,19,2.52,4,2454,"RESIDENTIAL_SINGLE","R1","1""","POTABLE",14895,57,68.39,NA,NA,NA,NA,NA,NA,NA,NA,NA,NA,19,41.21,52.6,9,4,3,3,13.41,6.8,7.86,13.14,0,0,19
834262,1,2014,2014-01-01,10,2.52,4,3233,"RESIDENTIAL_SINGLE","R1","1""","POTABLE",14896,30,41.39,NA,NA,NA,NA,NA,NA,NA,NA,NA,NA,10,15.11,26.5,9,1,0,0,13.41,1.7,0,0,0,0,10
834263,1,2014,2014-01-01,42,2.52,4,9400,"RESIDENTIAL_SINGLE","R1","1""","POTABLE",14897,126,137.39,NA,NA,NA,NA,NA,NA,NA,NA,NA,NA,42,143.4,154.79,9,14,6,6,13.41,23.8,15.72,26.28,7,64.19,42
834264,1,2014,2014-01-01,10,2.52,4,5994,"RESIDENTIAL_SINGLE","R1","1""","POTABLE",14898,30,41.39,NA,NA,NA,NA,NA,NA,NA,NA,NA,NA,10,15.11,26.5,9,1,0,0,13.41,1.7,0,0,0,0,10
834266,1,2014,2014-01-01,13,2.52,5,3536,"RESIDENTIAL_SINGLE","R1","1""","POTABLE",14899,39,50.39,NA,NA,NA,NA,NA,NA,NA,NA,NA,NA,13,19.58,30.97,12,1,0,0,17.88,1.7,0,0,0,0,13
834267,1,2014,2014-01-01,15,2.52,4,8265,"RESIDENTIAL_SINGLE","R1","1""","POTABLE",14900,45,56.39,NA,NA,NA,NA,NA,NA,NA,NA,NA,NA,15,23.61,35,9,6,0,0,13.41,10.2,0,0,0,0,15
834268,1,2014,2014-01-01,9,2.52,5,2870,"RESIDENTIAL_SINGLE","R1","1""","POTABLE",14901,27,38.39,NA,NA,NA,NA,NA,NA,NA,NA,NA,NA,9,13.41,24.8,9,0,0,0,13.41,0,0,0,0,0,9
834269,1,2014,2014-01-01,3,2.52,4,5156,"RESIDENTIAL_SINGLE","R1","1""","POTABLE",14902,9,20.39,NA,NA,NA,NA,NA,NA,NA,NA,NA,NA,3,4.47,15.86,3,0,0,0,4.47,0,0,0,0,0,3
834270,1,2014,2014-01-01,8,2.52,4,6000,"RESIDENTIAL_SINGLE","R1","1""","POTABLE",14903,24,35.39,NA,NA,NA,NA,NA,NA,NA,NA,NA,NA,8,11.92,23.31,8,0,0,0,11.92,0,0,0,0,0,8
834271,1,2014,2014-01-01,19,2.52,4,5606,"RESIDENTIAL_SINGLE","R1","1""","POTABLE",14904,57,68.39,NA,NA,NA,NA,NA,NA,NA,NA,NA,NA,19,32.25,43.64,9,8,2,0,13.41,13.6,5.24,0,0,0,19
834274,1,2014,2014-01-01,10,2.52,6,12300,"RESIDENTIAL_SINGLE","R1","1""","POTABLE",14905,30,41.39,NA,NA,NA,NA,NA,NA,NA,NA,NA,NA,10,14.9,26.29,10,0,0,0,14.9,0,0,0,0,0,10
834276,1,2014,2014-01-01,8,2.52,4,3815,"RESIDENTIAL_SINGLE","R1","1""","POTABLE",14906,24,35.39,NA,NA,NA,NA,NA,NA,NA,NA,NA,NA,8,11.92,23.31,8,0,0,0,11.92,0,0,0,0,0,8
834277,1,2014,2014-01-01,21,2.52,4,6058,"RESIDENTIAL_SINGLE","R1","1""","POTABLE",14907,63,74.39,NA,NA,NA,NA,NA,NA,NA,NA,NA,NA,21,36.57,47.96,9,9,3,0,13.41,15.3,7.86,0,0,0,21
834278,1,2014,2014-01-01,29,2.52,4,6393,"RESIDENTIAL_SINGLE","R1","1""","POTABLE",14908,87,98.39,NA,NA,NA,NA,NA,NA,NA,NA,NA,NA,29,71.96,83.35,9,10,4,5,13.41,17,10.48,21.9,1,9.17,29
834279,1,2014,2014-01-01,21,2.46,4,4300,"RESIDENTIAL_SINGLE","R1","1""","POTABLE",14909,63,74.39,NA,NA,NA,NA,NA,NA,NA,NA,NA,NA,21,42.85,54.24,9,6,4,2,13.41,10.2,10.48,8.76,0,0,21
834280,1,2014,2014-01-01,22,2.52,4,7600,"RESIDENTIAL_SINGLE","R1","1""","POTABLE",14910,66,77.39,NA,NA,NA,NA,NA,NA,NA,NA,NA,NA,22,37.35,48.74,9,11,2,0,13.41,18.7,5.24,0,0,0,22
834283,1,2014,2014-01-01,8,2.52,4,2097,"RESIDENTIAL_SINGLE","R1","1""","POTABLE",14911,24,35.39,NA,NA,NA,NA,NA,NA,NA,NA,NA,NA,8,11.92,23.31,8,0,0,0,11.92,0,0,0,0,0,8
834288,1,2014,2014-01-01,18,2.52,4,2117,"RESIDENTIAL_SINGLE","R1","1""","POTABLE",14912,54,65.39,NA,NA,NA,NA,NA,NA,NA,NA,NA,NA,18,37.75,49.14,9,3,4,2,13.41,5.1,10.48,8.76,0,0,18
834289,1,2014,2014-01-01,24,2.58,4,3048,"RESIDENTIAL_SINGLE","R1","1""","POTABLE",14913,72,83.39,NA,NA,NA,NA,NA,NA,NA,NA,NA,NA,24,74.8,86.19,9,5,3,4,13.41,8.5,7.86,17.52,3,27.51,24
834291,1,2014,2014-01-01,21,2.46,4,1722,"RESIDENTIAL_SINGLE","R1","1""","POTABLE",14914,63,74.39,NA,NA,NA,NA,NA,NA,NA,NA,NA,NA,21,67.02,78.41,9,3,3,3,13.41,5.1,7.86,13.14,3,27.51,21
834292,1,2014,2014-01-01,18,2.52,4,3699,"RESIDENTIAL_SINGLE","R1","1""","POTABLE",14915,54,65.39,NA,NA,NA,NA,NA,NA,NA,NA,NA,NA,18,31.47,42.86,9,6,3,0,13.41,10.2,7.86,0,0,0,18
834295,1,2014,2014-01-01,6,2.52,4,2541,"RESIDENTIAL_SINGLE","R1","1""","POTABLE",14916,18,29.39,NA,NA,NA,NA,NA,NA,NA,NA,NA,NA,6,8.94,20.33,6,0,0,0,8.94,0,0,0,0,0,6
834296,1,2014,2014-01-01,24,2.52,6,4065,"RESIDENTIAL_SINGLE","R1","1""","POTABLE",14917,72,83.39,NA,NA,NA,NA,NA,NA,NA,NA,NA,NA,24,41.54,52.93,14,6,4,0,20.86,10.2,10.48,0,0,0,24
834297,1,2014,2014-01-01,11,2.52,4,4635,"RESIDENTIAL_SINGLE","R1","1""","POTABLE",14918,33,44.39,NA,NA,NA,NA,NA,NA,NA,NA,NA,NA,11,16.81,28.2,9,2,0,0,13.41,3.4,0,0,0,0,11
834299,1,2014,2014-01-01,9,2.52,6,2701,"RESIDENTIAL_SINGLE","R1","1""","POTABLE",14919,27,38.39,NA,NA,NA,NA,NA,NA,NA,NA,NA,NA,9,13.41,24.8,9,0,0,0,13.41,0,0,0,0,0,9
834300,1,2014,2014-01-01,13,2.52,4,5500,"RESIDENTIAL_SINGLE","R1","1""","POTABLE",14920,39,50.39,NA,NA,NA,NA,NA,NA,NA,NA,NA,NA,13,20.21,31.6,9,4,0,0,13.41,6.8,0,0,0,0,13
834303,1,2014,2014-01-01,7,2.52,4,1559,"RESIDENTIAL_SINGLE","R1","1""","POTABLE",14921,21,32.39,NA,NA,NA,NA,NA,NA,NA,NA,NA,NA,7,10.43,21.82,7,0,0,0,10.43,0,0,0,0,0,7
834306,1,2014,2014-01-01,18,2.52,4,4856,"RESIDENTIAL_SINGLE","R1","1""","POTABLE",14922,54,65.39,NA,NA,NA,NA,NA,NA,NA,NA,NA,NA,18,30.55,41.94,9,7,2,0,13.41,11.9,5.24,0,0,0,18
834312,1,2014,2014-01-01,7,2.52,4,3600,"RESIDENTIAL_SINGLE","R1","1""","POTABLE",14923,21,32.39,NA,NA,NA,NA,NA,NA,NA,NA,NA,NA,7,10.43,21.82,7,0,0,0,10.43,0,0,0,0,0,7
834313,1,2014,2014-01-01,12,2.52,4,2518,"RESIDENTIAL_SINGLE","R1","1""","POTABLE",14924,36,47.39,NA,NA,NA,NA,NA,NA,NA,NA,NA,NA,12,18.51,29.9,9,3,0,0,13.41,5.1,0,0,0,0,12
834316,1,2014,2014-01-01,5,2.52,4,1546,"RESIDENTIAL_SINGLE","R1","1""","POTABLE",14925,15,26.39,NA,NA,NA,NA,NA,NA,NA,NA,NA,NA,5,7.45,18.84,5,0,0,0,7.45,0,0,0,0,0,5
834317,1,2014,2014-01-01,7,2.52,4,1663,"RESIDENTIAL_SINGLE","R1","1""","POTABLE",14926,21,32.39,NA,NA,NA,NA,NA,NA,NA,NA,NA,NA,7,10.43,21.82,7,0,0,0,10.43,0,0,0,0,0,7
834318,1,2014,2014-01-01,8,2.52,4,1845,"RESIDENTIAL_SINGLE","R1","1""","POTABLE",14927,24,35.39,NA,NA,NA,NA,NA,NA,NA,NA,NA,NA,8,11.92,23.31,8,0,0,0,11.92,0,0,0,0,0,8
834320,1,2014,2014-01-01,11,2.52,4,4321,"RESIDENTIAL_SINGLE","R1","1""","POTABLE",14928,33,44.39,NA,NA,NA,NA,NA,NA,NA,NA,NA,NA,11,16.81,28.2,9,2,0,0,13.41,3.4,0,0,0,0,11
834321,1,2014,2014-01-01,16,2.46,4,2237,"RESIDENTIAL_SINGLE","R1","1""","POTABLE",14929,48,59.39,NA,NA,NA,NA,NA,NA,NA,NA,NA,NA,16,28.99,40.38,9,3,4,0,13.41,5.1,10.48,0,0,0,16
834326,1,2014,2014-01-01,25,2.46,4,4802,"RESIDENTIAL_SINGLE","R1","1""","POTABLE",14930,75,86.39,NA,NA,NA,NA,NA,NA,NA,NA,NA,NA,25,62.48,73.87,9,7,4,4,13.41,11.9,10.48,17.52,1,9.17,25
834327,1,2014,2014-01-01,4,2.52,4,2293,"RESIDENTIAL_SINGLE","R1","1""","POTABLE",14931,12,23.39,NA,NA,NA,NA,NA,NA,NA,NA,NA,NA,4,5.96,17.35,4,0,0,0,5.96,0,0,0,0,0,4
834328,1,2014,2014-01-01,5,2.58,4,1532,"RESIDENTIAL_SINGLE","R1","1""","POTABLE",14932,15,26.39,NA,NA,NA,NA,NA,NA,NA,NA,NA,NA,5,7.45,18.84,5,0,0,0,7.45,0,0,0,0,0,5
834330,1,2014,2014-01-01,15,2.52,4,2791,"RESIDENTIAL_SINGLE","R1","1""","POTABLE",14933,45,56.39,NA,NA,NA,NA,NA,NA,NA,NA,NA,NA,15,25.45,36.84,9,4,2,0,13.41,6.8,5.24,0,0,0,15
834335,1,2014,2014-01-01,10,2.52,4,2504,"RESIDENTIAL_SINGLE","R1","1""","POTABLE",14934,30,41.39,NA,NA,NA,NA,NA,NA,NA,NA,NA,NA,10,15.11,26.5,9,1,0,0,13.41,1.7,0,0,0,0,10
834338,1,2014,2014-01-01,24,2.52,5,3065,"RESIDENTIAL_SINGLE","R1","1""","POTABLE",14935,72,83.39,NA,NA,NA,NA,NA,NA,NA,NA,NA,NA,24,52.68,64.07,12,4,4,4,17.88,6.8,10.48,17.52,0,0,24
834339,1,2014,2014-01-01,6,2.52,4,2998,"RESIDENTIAL_SINGLE","R1","1""","POTABLE",14936,18,29.39,NA,NA,NA,NA,NA,NA,NA,NA,NA,NA,6,8.94,20.33,6,0,0,0,8.94,0,0,0,0,0,6
834340,1,2014,2014-01-01,12,2.52,4,3160,"RESIDENTIAL_SINGLE","R1","1""","POTABLE",14937,36,47.39,NA,NA,NA,NA,NA,NA,NA,NA,NA,NA,12,18.51,29.9,9,3,0,0,13.41,5.1,0,0,0,0,12
834341,1,2014,2014-01-01,7,2.58,4,2953,"RESIDENTIAL_SINGLE","R1","1""","POTABLE",14938,21,32.39,NA,NA,NA,NA,NA,NA,NA,NA,NA,NA,7,10.43,21.82,7,0,0,0,10.43,0,0,0,0,0,7
834342,1,2014,2014-01-01,18,2.52,4,3000,"RESIDENTIAL_SINGLE","R1","1""","POTABLE",14939,54,65.39,NA,NA,NA,NA,NA,NA,NA,NA,NA,NA,18,34.15,45.54,9,5,3,1,13.41,8.5,7.86,4.38,0,0,18
834345,1,2014,2014-01-01,9,2.52,4,1674,"RESIDENTIAL_SINGLE","R1","1""","POTABLE",14940,27,38.39,NA,NA,NA,NA,NA,NA,NA,NA,NA,NA,9,13.41,24.8,9,0,0,0,13.41,0,0,0,0,0,9
834348,1,2014,2014-01-01,8,2.52,4,4300,"RESIDENTIAL_SINGLE","R1","1""","POTABLE",14941,24,35.39,NA,NA,NA,NA,NA,NA,NA,NA,NA,NA,8,11.92,23.31,8,0,0,0,11.92,0,0,0,0,0,8
834349,1,2014,2014-01-01,17,2.52,4,4200,"RESIDENTIAL_SINGLE","R1","1""","POTABLE",14942,51,62.39,NA,NA,NA,NA,NA,NA,NA,NA,NA,NA,17,28.85,40.24,9,6,2,0,13.41,10.2,5.24,0,0,0,17
834352,1,2014,2014-01-01,5,2.52,4,2477,"RESIDENTIAL_SINGLE","R1","1""","POTABLE",14943,15,26.39,NA,NA,NA,NA,NA,NA,NA,NA,NA,NA,5,7.45,18.84,5,0,0,0,7.45,0,0,0,0,0,5
834356,1,2014,2014-01-01,6,2.46,4,2199,"RESIDENTIAL_SINGLE","R1","1""","POTABLE",14945,18,29.39,NA,NA,NA,NA,NA,NA,NA,NA,NA,NA,6,8.94,20.33,6,0,0,0,8.94,0,0,0,0,0,6
834357,1,2014,2014-01-01,4,2.52,4,2010,"RESIDENTIAL_SINGLE","R1","1""","POTABLE",14946,12,23.39,NA,NA,NA,NA,NA,NA,NA,NA,NA,NA,4,5.96,17.35,4,0,0,0,5.96,0,0,0,0,0,4
834361,1,2014,2014-01-01,6,2.52,4,2205,"RESIDENTIAL_SINGLE","R1","1""","POTABLE",14947,18,29.39,NA,NA,NA,NA,NA,NA,NA,NA,NA,NA,6,8.94,20.33,6,0,0,0,8.94,0,0,0,0,0,6
834362,1,2014,2014-01-01,7,2.52,4,2161,"RESIDENTIAL_SINGLE","R1","1""","POTABLE",14948,21,32.39,NA,NA,NA,NA,NA,NA,NA,NA,NA,NA,7,10.43,21.82,7,0,0,0,10.43,0,0,0,0,0,7
834365,1,2014,2014-01-01,10,2.52,4,4948,"RESIDENTIAL_SINGLE","R1","1""","POTABLE",14949,30,41.39,NA,NA,NA,NA,NA,NA,NA,NA,NA,NA,10,15.11,26.5,9,1,0,0,13.41,1.7,0,0,0,0,10
834370,1,2014,2014-01-01,12,2.58,4,6190,"RESIDENTIAL_SINGLE","R1","1""","POTABLE",14950,36,47.39,NA,NA,NA,NA,NA,NA,NA,NA,NA,NA,12,18.51,29.9,9,3,0,0,13.41,5.1,0,0,0,0,12
834372,1,2014,2014-01-01,8,2.52,4,10837,"RESIDENTIAL_SINGLE","R1","1""","POTABLE",14951,24,35.39,NA,NA,NA,NA,NA,NA,NA,NA,NA,NA,8,11.92,23.31,8,0,0,0,11.92,0,0,0,0,0,8
834373,1,2014,2014-01-01,23,2.52,4,4101,"RESIDENTIAL_SINGLE","R1","1""","POTABLE",14952,69,80.39,NA,NA,NA,NA,NA,NA,NA,NA,NA,NA,23,51.61,63,9,6,4,4,13.41,10.2,10.48,17.52,0,0,23
834376,1,2014,2014-01-01,20,2.52,4,2076,"RESIDENTIAL_SINGLE","R1","1""","POTABLE",14953,60,71.39,NA,NA,NA,NA,NA,NA,NA,NA,NA,NA,20,53.06,64.45,9,3,3,4,13.41,5.1,7.86,17.52,1,9.17,20
834377,1,2014,2014-01-01,4,2.46,4,2226,"RESIDENTIAL_SINGLE","R1","1""","POTABLE",14954,12,23.39,NA,NA,NA,NA,NA,NA,NA,NA,NA,NA,4,5.96,17.35,4,0,0,0,5.96,0,0,0,0,0,4
834378,1,2014,2014-01-01,13,2.52,4,5980,"RESIDENTIAL_SINGLE","R1","1""","POTABLE",14955,39,50.39,NA,NA,NA,NA,NA,NA,NA,NA,NA,NA,13,20.21,31.6,9,4,0,0,13.41,6.8,0,0,0,0,13
834382,1,2014,2014-01-01,5,2.52,4,4255,"RESIDENTIAL_SINGLE","R1","1""","POTABLE",14956,15,26.39,NA,NA,NA,NA,NA,NA,NA,NA,NA,NA,5,7.45,18.84,5,0,0,0,7.45,0,0,0,0,0,5
834383,1,2014,2014-01-01,11,2.52,4,5741,"RESIDENTIAL_SINGLE","R1","1""","POTABLE",14957,33,44.39,NA,NA,NA,NA,NA,NA,NA,NA,NA,NA,11,16.81,28.2,9,2,0,0,13.41,3.4,0,0,0,0,11
834386,1,2014,2014-01-01,8,2.52,4,3158,"RESIDENTIAL_SINGLE","R1","1""","POTABLE",14958,24,35.39,NA,NA,NA,NA,NA,NA,NA,NA,NA,NA,8,11.92,23.31,8,0,0,0,11.92,0,0,0,0,0,8
834391,1,2014,2014-01-01,14,2.58,5,5540,"RESIDENTIAL_SINGLE","R1","1""","POTABLE",14959,42,53.39,NA,NA,NA,NA,NA,NA,NA,NA,NA,NA,14,21.28,32.67,12,2,0,0,17.88,3.4,0,0,0,0,14
834392,1,2014,2014-01-01,22,2.52,4,6105,"RESIDENTIAL_SINGLE","R1","1""","POTABLE",14960,66,77.39,NA,NA,NA,NA,NA,NA,NA,NA,NA,NA,22,39.19,50.58,9,9,4,0,13.41,15.3,10.48,0,0,0,22
834396,1,2014,2014-01-01,16,2.52,4,3784,"RESIDENTIAL_SINGLE","R1","1""","POTABLE",14961,48,59.39,NA,NA,NA,NA,NA,NA,NA,NA,NA,NA,16,26.23,37.62,9,6,1,0,13.41,10.2,2.62,0,0,0,16
834398,1,2014,2014-01-01,6,2.52,4,6850,"RESIDENTIAL_SINGLE","R1","1""","POTABLE",14962,18,29.39,NA,NA,NA,NA,NA,NA,NA,NA,NA,NA,6,8.94,20.33,6,0,0,0,8.94,0,0,0,0,0,6
834399,1,2014,2014-01-01,2,2.52,4,2525,"RESIDENTIAL_SINGLE","R1","1""","POTABLE",14963,6,17.39,NA,NA,NA,NA,NA,NA,NA,NA,NA,NA,2,2.98,14.37,2,0,0,0,2.98,0,0,0,0,0,2
834400,1,2014,2014-01-01,11,2.52,4,2478,"RESIDENTIAL_SINGLE","R1","1""","POTABLE",14964,33,44.39,NA,NA,NA,NA,NA,NA,NA,NA,NA,NA,11,16.81,28.2,9,2,0,0,13.41,3.4,0,0,0,0,11
834403,1,2014,2014-01-01,20,2.46,4,3600,"RESIDENTIAL_SINGLE","R1","1""","POTABLE",14965,60,71.39,NA,NA,NA,NA,NA,NA,NA,NA,NA,NA,20,41.15,52.54,9,5,4,2,13.41,8.5,10.48,8.76,0,0,20
834408,1,2014,2014-01-01,13,2.46,4,2322,"RESIDENTIAL_SINGLE","R1","1""","POTABLE",14966,39,50.39,NA,NA,NA,NA,NA,NA,NA,NA,NA,NA,13,20.21,31.6,9,4,0,0,13.41,6.8,0,0,0,0,13
834410,1,2014,2014-01-01,11,2.52,4,3900,"RESIDENTIAL_SINGLE","R1","1""","POTABLE",14967,33,44.39,NA,NA,NA,NA,NA,NA,NA,NA,NA,NA,11,16.81,28.2,9,2,0,0,13.41,3.4,0,0,0,0,11
834416,1,2014,2014-01-01,18,2.52,4,5615,"RESIDENTIAL_SINGLE","R1","3/4""","POTABLE",14968,54,65.39,NA,NA,NA,NA,NA,NA,NA,NA,NA,NA,18,29.63,41.02,9,8,1,0,13.41,13.6,2.62,0,0,0,18
834419,1,2014,2014-01-01,22,2.52,4,4995,"RESIDENTIAL_SINGLE","R1","3/4""","POTABLE",14969,66,77.39,NA,NA,NA,NA,NA,NA,NA,NA,NA,NA,22,41.87,53.26,9,8,4,1,13.41,13.6,10.48,4.38,0,0,22
834423,1,2014,2014-01-01,10,2.52,4,3200,"RESIDENTIAL_SINGLE","R1","3/4""","POTABLE",14971,30,41.39,NA,NA,NA,NA,NA,NA,NA,NA,NA,NA,10,15.11,26.5,9,1,0,0,13.41,1.7,0,0,0,0,10
834425,1,2014,2014-01-01,30,2.52,4,2233,"RESIDENTIAL_SINGLE","R1","3/4""","POTABLE",14972,90,101.39,NA,NA,NA,NA,NA,NA,NA,NA,NA,NA,30,142.08,153.47,9,4,3,3,13.41,6.8,7.86,13.14,11,100.87,30
834431,1,2014,2014-01-01,6,2.52,4,2508,"RESIDENTIAL_SINGLE","R1","3/4""","POTABLE",14973,18,29.39,NA,NA,NA,NA,NA,NA,NA,NA,NA,NA,6,8.94,20.33,6,0,0,0,8.94,0,0,0,0,0,6
834438,1,2014,2014-01-01,7,2.52,4,2586,"RESIDENTIAL_SINGLE","R1","3/4""","POTABLE",14974,21,32.39,NA,NA,NA,NA,NA,NA,NA,NA,NA,NA,7,10.43,21.82,7,0,0,0,10.43,0,0,0,0,0,7
834448,1,2014,2014-01-01,13,2.52,4,2058,"RESIDENTIAL_SINGLE","R1","3/4""","POTABLE",14975,39,50.39,NA,NA,NA,NA,NA,NA,NA,NA,NA,NA,13,21.13,32.52,9,3,1,0,13.41,5.1,2.62,0,0,0,13
834449,1,2014,2014-01-01,16,2.52,6,2031,"RESIDENTIAL_SINGLE","R1","3/4""","POTABLE",14976,48,59.39,NA,NA,NA,NA,NA,NA,NA,NA,NA,NA,16,24.26,35.65,14,2,0,0,20.86,3.4,0,0,0,0,16
834451,1,2014,2014-01-01,11,2.52,4,2152,"RESIDENTIAL_SINGLE","R1","3/4""","POTABLE",14977,33,44.39,NA,NA,NA,NA,NA,NA,NA,NA,NA,NA,11,16.81,28.2,9,2,0,0,13.41,3.4,0,0,0,0,11
834453,1,2014,2014-01-01,7,2.52,4,2371,"RESIDENTIAL_SINGLE","R1","3/4""","POTABLE",14978,21,32.39,NA,NA,NA,NA,NA,NA,NA,NA,NA,NA,7,10.43,21.82,7,0,0,0,10.43,0,0,0,0,0,7
834454,1,2014,2014-01-01,11,2.52,4,2781,"RESIDENTIAL_SINGLE","R1","3/4""","POTABLE",14979,33,44.39,NA,NA,NA,NA,NA,NA,NA,NA,NA,NA,11,16.81,28.2,9,2,0,0,13.41,3.4,0,0,0,0,11
834455,1,2014,2014-01-01,9,2.52,4,2417,"RESIDENTIAL_SINGLE","R1","3/4""","POTABLE",14980,27,38.39,NA,NA,NA,NA,NA,NA,NA,NA,NA,NA,9,13.41,24.8,9,0,0,0,13.41,0,0,0,0,0,9
834456,1,2014,2014-01-01,3,2.52,4,6844,"RESIDENTIAL_SINGLE","R1","3/4""","POTABLE",14981,9,20.39,NA,NA,NA,NA,NA,NA,NA,NA,NA,NA,3,4.47,15.86,3,0,0,0,4.47,0,0,0,0,0,3
834459,1,2014,2014-01-01,5,2.52,4,1125,"RESIDENTIAL_SINGLE","R1","3/4""","POTABLE",14982,15,26.39,NA,NA,NA,NA,NA,NA,NA,NA,NA,NA,5,7.45,18.84,5,0,0,0,7.45,0,0,0,0,0,5
834460,1,2014,2014-01-01,7,2.52,4,5722,"RESIDENTIAL_SINGLE","R1","3/4""","POTABLE",14983,21,32.39,NA,NA,NA,NA,NA,NA,NA,NA,NA,NA,7,10.43,21.82,7,0,0,0,10.43,0,0,0,0,0,7
834465,1,2014,2014-01-01,17,2.46,4,2431,"RESIDENTIAL_SINGLE","R1","3/4""","POTABLE",14984,51,62.39,NA,NA,NA,NA,NA,NA,NA,NA,NA,NA,17,32.45,43.84,9,4,3,1,13.41,6.8,7.86,4.38,0,0,17
834466,1,2014,2014-01-01,8,2.52,4,1895,"RESIDENTIAL_SINGLE","R1","3/4""","POTABLE",14985,24,35.39,NA,NA,NA,NA,NA,NA,NA,NA,NA,NA,8,11.92,23.31,8,0,0,0,11.92,0,0,0,0,0,8
834468,1,2014,2014-01-01,14,2.52,4,2222,"RESIDENTIAL_SINGLE","R1","3/4""","POTABLE",14986,42,53.39,NA,NA,NA,NA,NA,NA,NA,NA,NA,NA,14,22.83,34.22,9,4,1,0,13.41,6.8,2.62,0,0,0,14
834469,1,2014,2014-01-01,4,2.46,4,1504,"RESIDENTIAL_SINGLE","R1","3/4""","POTABLE",14987,12,23.39,NA,NA,NA,NA,NA,NA,NA,NA,NA,NA,4,5.96,17.35,4,0,0,0,5.96,0,0,0,0,0,4
834470,1,2014,2014-01-01,10,2.52,4,1429,"RESIDENTIAL_SINGLE","R1","3/4""","POTABLE",14988,30,41.39,NA,NA,NA,NA,NA,NA,NA,NA,NA,NA,10,15.11,26.5,9,1,0,0,13.41,1.7,0,0,0,0,10
834474,1,2014,2014-01-01,12,2.58,4,3069,"RESIDENTIAL_SINGLE","R1","3/4""","POTABLE",14989,36,47.39,NA,NA,NA,NA,NA,NA,NA,NA,NA,NA,12,18.51,29.9,9,3,0,0,13.41,5.1,0,0,0,0,12
834478,1,2014,2014-01-01,8,2.58,4,3785,"RESIDENTIAL_SINGLE","R1","3/4""","POTABLE",14990,24,35.39,NA,NA,NA,NA,NA,NA,NA,NA,NA,NA,8,11.92,23.31,8,0,0,0,11.92,0,0,0,0,0,8
834479,1,2014,2014-01-01,13,2.58,4,1873,"RESIDENTIAL_SINGLE","R1","3/4""","POTABLE",14991,39,50.39,NA,NA,NA,NA,NA,NA,NA,NA,NA,NA,13,21.13,32.52,9,3,1,0,13.41,5.1,2.62,0,0,0,13
834480,1,2014,2014-01-01,11,2.58,5,2661,"RESIDENTIAL_SINGLE","R1","3/4""","POTABLE",14992,33,44.39,NA,NA,NA,NA,NA,NA,NA,NA,NA,NA,11,16.39,27.78,11,0,0,0,16.39,0,0,0,0,0,11
834482,1,2014,2014-01-01,23,2.52,5,2984,"RESIDENTIAL_SINGLE","R1","3/4""","POTABLE",14993,69,80.39,NA,NA,NA,NA,NA,NA,NA,NA,NA,NA,23,48.3,59.69,12,4,4,3,17.88,6.8,10.48,13.14,0,0,23
834483,1,2014,2014-01-01,45,2.52,4,4548,"RESIDENTIAL_SINGLE","R1","3/4""","POTABLE",14994,135,146.39,NA,NA,NA,NA,NA,NA,NA,NA,NA,NA,45,245.88,257.27,9,7,4,4,13.41,11.9,10.48,17.52,21,192.57,45
834487,1,2014,2014-01-01,14,2.52,4,3307,"RESIDENTIAL_SINGLE","R1","3/4""","POTABLE",14995,42,53.39,NA,NA,NA,NA,NA,NA,NA,NA,NA,NA,14,21.91,33.3,9,5,0,0,13.41,8.5,0,0,0,0,14
834488,1,2014,2014-01-01,17,2.52,7,2500,"RESIDENTIAL_SINGLE","R1","3/4""","POTABLE",14996,51,62.39,NA,NA,NA,NA,NA,NA,NA,NA,NA,NA,17,25.33,36.72,17,0,0,0,25.33,0,0,0,0,0,17
834491,1,2014,2014-01-01,20,2.52,6,4724,"RESIDENTIAL_SINGLE","R1","3/4""","POTABLE",14997,60,71.39,NA,NA,NA,NA,NA,NA,NA,NA,NA,NA,20,31.06,42.45,14,6,0,0,20.86,10.2,0,0,0,0,20
834495,1,2014,2014-01-01,10,2.46,4,2874,"RESIDENTIAL_SINGLE","R1","3/4""","POTABLE",14999,30,41.39,NA,NA,NA,NA,NA,NA,NA,NA,NA,NA,10,15.11,26.5,9,1,0,0,13.41,1.7,0,0,0,0,10
834496,1,2014,2014-01-01,15,2.52,4,2219,"RESIDENTIAL_SINGLE","R1","3/4""","POTABLE",15000,45,56.39,NA,NA,NA,NA,NA,NA,NA,NA,NA,NA,15,26.37,37.76,9,3,3,0,13.41,5.1,7.86,0,0,0,15
834497,1,2014,2014-01-01,16,2.52,5,2617,"RESIDENTIAL_SINGLE","R1","3/4""","POTABLE",15001,48,59.39,NA,NA,NA,NA,NA,NA,NA,NA,NA,NA,16,24.68,36.07,12,4,0,0,17.88,6.8,0,0,0,0,16
834498,1,2014,2014-01-01,12,2.52,4,3735,"RESIDENTIAL_SINGLE","R1","3/4""","POTABLE",15002,36,47.39,NA,NA,NA,NA,NA,NA,NA,NA,NA,NA,12,18.51,29.9,9,3,0,0,13.41,5.1,0,0,0,0,12
834499,1,2014,2014-01-01,16,2.52,4,4738,"RESIDENTIAL_SINGLE","R1","3/4""","POTABLE",15003,48,59.39,NA,NA,NA,NA,NA,NA,NA,NA,NA,NA,16,25.31,36.7,9,7,0,0,13.41,11.9,0,0,0,0,16
834500,1,2014,2014-01-01,8,2.52,4,5577,"RESIDENTIAL_SINGLE","R1","3/4""","POTABLE",15004,24,35.39,NA,NA,NA,NA,NA,NA,NA,NA,NA,NA,8,11.92,23.31,8,0,0,0,11.92,0,0,0,0,0,8
834501,1,2014,2014-01-01,21,2.52,4,6528,"RESIDENTIAL_SINGLE","R1","3/4""","POTABLE",15005,63,74.39,NA,NA,NA,NA,NA,NA,NA,NA,NA,NA,21,35.65,47.04,9,10,2,0,13.41,17,5.24,0,0,0,21
834502,1,2014,2014-01-01,10,2.52,4,2281,"RESIDENTIAL_SINGLE","R1","3/4""","POTABLE",15006,30,41.39,NA,NA,NA,NA,NA,NA,NA,NA,NA,NA,10,15.11,26.5,9,1,0,0,13.41,1.7,0,0,0,0,10
834503,1,2014,2014-01-01,17,2.58,4,2182,"RESIDENTIAL_SINGLE","R1","3/4""","POTABLE",15007,51,62.39,NA,NA,NA,NA,NA,NA,NA,NA,NA,NA,17,32.45,43.84,9,4,3,1,13.41,6.8,7.86,4.38,0,0,17
834510,1,2014,2014-01-01,12,2.52,4,3677,"RESIDENTIAL_SINGLE","R1","3/4""","POTABLE",15008,36,47.39,NA,NA,NA,NA,NA,NA,NA,NA,NA,NA,12,18.51,29.9,9,3,0,0,13.41,5.1,0,0,0,0,12
834511,1,2014,2014-01-01,11,2.58,4,5253,"RESIDENTIAL_SINGLE","R1","3/4""","POTABLE",15009,33,44.39,NA,NA,NA,NA,NA,NA,NA,NA,NA,NA,11,16.81,28.2,9,2,0,0,13.41,3.4,0,0,0,0,11
834515,1,2014,2014-01-01,12,2.58,4,12870,"RESIDENTIAL_SINGLE","R1","3/4""","POTABLE",15010,36,47.39,NA,NA,NA,NA,NA,NA,NA,NA,NA,NA,12,18.51,29.9,9,3,0,0,13.41,5.1,0,0,0,0,12
834516,1,2014,2014-01-01,20,2.52,6,3106,"RESIDENTIAL_SINGLE","R1","3/4""","POTABLE",15011,60,71.39,NA,NA,NA,NA,NA,NA,NA,NA,NA,NA,20,31.98,43.37,14,5,1,0,20.86,8.5,2.62,0,0,0,20
834519,1,2014,2014-01-01,12,2.52,4,7507,"RESIDENTIAL_SINGLE","R1","3/4""","POTABLE",15012,36,47.39,NA,NA,NA,NA,NA,NA,NA,NA,NA,NA,12,18.51,29.9,9,3,0,0,13.41,5.1,0,0,0,0,12
834521,1,2014,2014-01-01,19,2.46,4,5355,"RESIDENTIAL_SINGLE","R1","3/4""","POTABLE",15013,57,68.39,NA,NA,NA,NA,NA,NA,NA,NA,NA,NA,19,32.25,43.64,9,8,2,0,13.41,13.6,5.24,0,0,0,19
834522,1,2014,2014-01-01,30,2.46,4,4255,"RESIDENTIAL_SINGLE","R1","3/4""","POTABLE",15014,90,101.39,NA,NA,NA,NA,NA,NA,NA,NA,NA,NA,30,115.8,127.19,9,6,4,4,13.41,10.2,10.48,17.52,7,64.19,30
834523,1,2014,2014-01-01,8,2.52,4,2429,"RESIDENTIAL_SINGLE","R1","3/4""","POTABLE",15015,24,35.39,NA,NA,NA,NA,NA,NA,NA,NA,NA,NA,8,11.92,23.31,8,0,0,0,11.92,0,0,0,0,0,8
834524,1,2014,2014-01-01,10,2.52,4,2006,"RESIDENTIAL_SINGLE","R1","3/4""","POTABLE",15016,30,41.39,NA,NA,NA,NA,NA,NA,NA,NA,NA,NA,10,15.11,26.5,9,1,0,0,13.41,1.7,0,0,0,0,10
834525,1,2014,2014-01-01,17,2.52,4,6619,"RESIDENTIAL_SINGLE","R1","1""","POTABLE",15017,51,62.39,NA,NA,NA,NA,NA,NA,NA,NA,NA,NA,17,27.01,38.4,9,8,0,0,13.41,13.6,0,0,0,0,17
834527,1,2014,2014-01-01,12,2.52,7,4126,"RESIDENTIAL_SINGLE","R1","3/4""","POTABLE",15018,36,47.39,NA,NA,NA,NA,NA,NA,NA,NA,NA,NA,12,17.88,29.27,12,0,0,0,17.88,0,0,0,0,0,12
834535,1,2014,2014-01-01,7,2.52,4,2458,"RESIDENTIAL_SINGLE","R1","3/4""","POTABLE",15019,21,32.39,NA,NA,NA,NA,NA,NA,NA,NA,NA,NA,7,10.43,21.82,7,0,0,0,10.43,0,0,0,0,0,7
834536,1,2014,2014-01-01,18,2.52,4,1235,"RESIDENTIAL_SINGLE","R1","3/4""","POTABLE",15020,54,65.39,NA,NA,NA,NA,NA,NA,NA,NA,NA,NA,18,46.98,58.37,9,2,3,3,13.41,3.4,7.86,13.14,1,9.17,18
834537,1,2014,2014-01-01,4,2.52,4,1661,"RESIDENTIAL_SINGLE","R1","3/4""","POTABLE",15021,12,23.39,NA,NA,NA,NA,NA,NA,NA,NA,NA,NA,4,5.96,17.35,4,0,0,0,5.96,0,0,0,0,0,4
834538,1,2014,2014-01-01,14,2.52,4,2740,"RESIDENTIAL_SINGLE","R1","3/4""","POTABLE",15022,42,53.39,NA,NA,NA,NA,NA,NA,NA,NA,NA,NA,14,22.83,34.22,9,4,1,0,13.41,6.8,2.62,0,0,0,14
834539,1,2014,2014-01-01,31,2.46,7,4120,"RESIDENTIAL_SINGLE","R1","3/4""","POTABLE",15023,93,104.39,NA,NA,NA,NA,NA,NA,NA,NA,NA,NA,31,62.69,74.08,17,5,6,3,25.33,8.5,15.72,13.14,0,0,31
834541,1,2014,2014-01-01,9,2.58,4,3069,"RESIDENTIAL_SINGLE","R1","3/4""","POTABLE",15024,27,38.39,NA,NA,NA,NA,NA,NA,NA,NA,NA,NA,9,13.41,24.8,9,0,0,0,13.41,0,0,0,0,0,9
834543,1,2014,2014-01-01,8,2.46,4,2376,"RESIDENTIAL_SINGLE","R1","3/4""","POTABLE",15025,24,35.39,NA,NA,NA,NA,NA,NA,NA,NA,NA,NA,8,11.92,23.31,8,0,0,0,11.92,0,0,0,0,0,8
834545,1,2014,2014-01-01,19,2.52,4,2672,"RESIDENTIAL_SINGLE","R1","3/4""","POTABLE",15026,57,68.39,NA,NA,NA,NA,NA,NA,NA,NA,NA,NA,19,39.45,50.84,9,4,4,2,13.41,6.8,10.48,8.76,0,0,19
834546,1,2014,2014-01-01,8,2.52,4,3725,"RESIDENTIAL_SINGLE","R1","3/4""","POTABLE",15027,24,35.39,NA,NA,NA,NA,NA,NA,NA,NA,NA,NA,8,11.92,23.31,8,0,0,0,11.92,0,0,0,0,0,8
834553,1,2014,2014-01-01,4,2.52,4,3944,"RESIDENTIAL_SINGLE","R1","3/4""","POTABLE",15028,12,23.39,NA,NA,NA,NA,NA,NA,NA,NA,NA,NA,4,5.96,17.35,4,0,0,0,5.96,0,0,0,0,0,4
834554,1,2014,2014-01-01,31,2.46,4,2365,"RESIDENTIAL_SINGLE","R1","3/4""","POTABLE",15029,93,104.39,NA,NA,NA,NA,NA,NA,NA,NA,NA,NA,31,151.25,162.64,9,4,3,3,13.41,6.8,7.86,13.14,12,110.04,31
834557,1,2014,2014-01-01,8,2.52,4,3542,"RESIDENTIAL_SINGLE","R1","3/4""","POTABLE",15030,24,35.39,NA,NA,NA,NA,NA,NA,NA,NA,NA,NA,8,11.92,23.31,8,0,0,0,11.92,0,0,0,0,0,8
834561,1,2014,2014-01-01,14,2.52,4,3316,"RESIDENTIAL_SINGLE","R1","3/4""","POTABLE",15031,42,53.39,NA,NA,NA,NA,NA,NA,NA,NA,NA,NA,14,21.91,33.3,9,5,0,0,13.41,8.5,0,0,0,0,14
834564,1,2014,2014-01-01,13,2.52,4,1421,"RESIDENTIAL_SINGLE","R1","3/4""","POTABLE",15032,39,50.39,NA,NA,NA,NA,NA,NA,NA,NA,NA,NA,13,22.05,33.44,9,2,2,0,13.41,3.4,5.24,0,0,0,13
834565,1,2014,2014-01-01,19,2.52,4,2631,"RESIDENTIAL_SINGLE","R1","3/4""","POTABLE",15033,57,68.39,NA,NA,NA,NA,NA,NA,NA,NA,NA,NA,19,39.45,50.84,9,4,4,2,13.41,6.8,10.48,8.76,0,0,19
834566,1,2014,2014-01-01,17,2.58,4,4025,"RESIDENTIAL_SINGLE","R1","3/4""","POTABLE",15034,51,62.39,NA,NA,NA,NA,NA,NA,NA,NA,NA,NA,17,28.85,40.24,9,6,2,0,13.41,10.2,5.24,0,0,0,17
834567,1,2014,2014-01-01,8,2.52,4,2701,"RESIDENTIAL_SINGLE","R1","3/4""","POTABLE",15035,24,35.39,NA,NA,NA,NA,NA,NA,NA,NA,NA,NA,8,11.92,23.31,8,0,0,0,11.92,0,0,0,0,0,8
834569,1,2014,2014-01-01,11,2.58,4,4982,"RESIDENTIAL_SINGLE","R1","3/4""","POTABLE",15036,33,44.39,NA,NA,NA,NA,NA,NA,NA,NA,NA,NA,11,16.81,28.2,9,2,0,0,13.41,3.4,0,0,0,0,11
834573,1,2014,2014-01-01,2,0.59,5,2382,"RESIDENTIAL_SINGLE","R1","3/4""","POTABLE",15037,6,17.39,NA,NA,NA,NA,NA,NA,NA,NA,NA,NA,2,2.98,14.37,2,0,0,0,2.98,0,0,0,0,0,2
834577,1,2014,2014-01-01,14,2.52,5,6628,"RESIDENTIAL_SINGLE","R1","3/4""","POTABLE",15038,42,53.39,NA,NA,NA,NA,NA,NA,NA,NA,NA,NA,14,21.28,32.67,12,2,0,0,17.88,3.4,0,0,0,0,14
834583,1,2014,2014-01-01,7,2.52,4,3500,"RESIDENTIAL_SINGLE","R1","3/4""","POTABLE",15039,21,32.39,NA,NA,NA,NA,NA,NA,NA,NA,NA,NA,7,10.43,21.82,7,0,0,0,10.43,0,0,0,0,0,7
834584,1,2014,2014-01-01,11,2.52,4,2417,"RESIDENTIAL_SINGLE","R1","3/4""","POTABLE",15040,33,44.39,NA,NA,NA,NA,NA,NA,NA,NA,NA,NA,11,16.81,28.2,9,2,0,0,13.41,3.4,0,0,0,0,11
834586,1,2014,2014-01-01,12,2.46,4,2352,"RESIDENTIAL_SINGLE","R1","3/4""","POTABLE",15041,36,47.39,NA,NA,NA,NA,NA,NA,NA,NA,NA,NA,12,18.51,29.9,9,3,0,0,13.41,5.1,0,0,0,0,12
834587,1,2014,2014-01-01,20,2.52,4,2440,"RESIDENTIAL_SINGLE","R1","3/4""","POTABLE",15042,60,71.39,NA,NA,NA,NA,NA,NA,NA,NA,NA,NA,20,50.38,61.77,9,4,3,3,13.41,6.8,7.86,13.14,1,9.17,20
834589,1,2014,2014-01-01,10,2.52,4,4548,"RESIDENTIAL_SINGLE","R1","3/4""","POTABLE",15043,30,41.39,NA,NA,NA,NA,NA,NA,NA,NA,NA,NA,10,15.11,26.5,9,1,0,0,13.41,1.7,0,0,0,0,10
834590,1,2014,2014-01-01,13,2.52,4,2700,"RESIDENTIAL_SINGLE","R1","3/4""","POTABLE",15044,39,50.39,NA,NA,NA,NA,NA,NA,NA,NA,NA,NA,13,20.21,31.6,9,4,0,0,13.41,6.8,0,0,0,0,13
834591,1,2014,2014-01-01,9,2.46,5,2094,"RESIDENTIAL_SINGLE","R1","3/4""","POTABLE",15045,27,38.39,NA,NA,NA,NA,NA,NA,NA,NA,NA,NA,9,13.41,24.8,9,0,0,0,13.41,0,0,0,0,0,9
834597,1,2014,2014-01-01,8,2.52,4,3973,"RESIDENTIAL_SINGLE","R1","3/4""","POTABLE",15046,24,35.39,NA,NA,NA,NA,NA,NA,NA,NA,NA,NA,8,11.92,23.31,8,0,0,0,11.92,0,0,0,0,0,8
834601,1,2014,2014-01-01,10,2.46,4,2495,"RESIDENTIAL_SINGLE","R1","3/4""","POTABLE",15047,30,41.39,NA,NA,NA,NA,NA,NA,NA,NA,NA,NA,10,15.11,26.5,9,1,0,0,13.41,1.7,0,0,0,0,10
834605,1,2014,2014-01-01,5,2.52,4,2914,"RESIDENTIAL_SINGLE","R1","3/4""","POTABLE",15048,15,26.39,NA,NA,NA,NA,NA,NA,NA,NA,NA,NA,5,7.45,18.84,5,0,0,0,7.45,0,0,0,0,0,5
834606,1,2014,2014-01-01,4,2.52,4,2880,"RESIDENTIAL_SINGLE","R1","3/4""","POTABLE",15049,12,23.39,NA,NA,NA,NA,NA,NA,NA,NA,NA,NA,4,5.96,17.35,4,0,0,0,5.96,0,0,0,0,0,4
834608,1,2014,2014-01-01,9,2.46,4,1916,"RESIDENTIAL_SINGLE","R1","3/4""","POTABLE",15050,27,38.39,NA,NA,NA,NA,NA,NA,NA,NA,NA,NA,9,13.41,24.8,9,0,0,0,13.41,0,0,0,0,0,9
834609,1,2014,2014-01-01,9,2.52,5,2313,"RESIDENTIAL_SINGLE","R1","3/4""","POTABLE",15051,27,38.39,NA,NA,NA,NA,NA,NA,NA,NA,NA,NA,9,13.41,24.8,9,0,0,0,13.41,0,0,0,0,0,9
834612,1,2014,2014-01-01,4,2.52,4,3676,"RESIDENTIAL_SINGLE","R1","3/4""","POTABLE",15052,12,23.39,NA,NA,NA,NA,NA,NA,NA,NA,NA,NA,4,5.96,17.35,4,0,0,0,5.96,0,0,0,0,0,4
834613,1,2014,2014-01-01,3,2.46,4,4654,"RESIDENTIAL_SINGLE","R1","3/4""","POTABLE",15053,9,20.39,NA,NA,NA,NA,NA,NA,NA,NA,NA,NA,3,4.47,15.86,3,0,0,0,4.47,0,0,0,0,0,3
834614,1,2014,2014-01-01,13,2.52,4,4506,"RESIDENTIAL_SINGLE","R1","3/4""","POTABLE",15054,39,50.39,NA,NA,NA,NA,NA,NA,NA,NA,NA,NA,13,20.21,31.6,9,4,0,0,13.41,6.8,0,0,0,0,13
834616,1,2014,2014-01-01,10,2.52,4,1920,"RESIDENTIAL_SINGLE","R1","3/4""","POTABLE",15055,30,41.39,NA,NA,NA,NA,NA,NA,NA,NA,NA,NA,10,15.11,26.5,9,1,0,0,13.41,1.7,0,0,0,0,10
834617,1,2014,2014-01-01,15,2.52,4,2145,"RESIDENTIAL_SINGLE","R1","3/4""","POTABLE",15056,45,56.39,NA,NA,NA,NA,NA,NA,NA,NA,NA,NA,15,26.37,37.76,9,3,3,0,13.41,5.1,7.86,0,0,0,15
834620,1,2014,2014-01-01,12,2.52,4,3800,"RESIDENTIAL_SINGLE","R1","3/4""","POTABLE",15057,36,47.39,NA,NA,NA,NA,NA,NA,NA,NA,NA,NA,12,18.51,29.9,9,3,0,0,13.41,5.1,0,0,0,0,12
834622,1,2014,2014-01-01,5,2.52,4,3737,"RESIDENTIAL_SINGLE","R1","3/4""","POTABLE",15058,15,26.39,NA,NA,NA,NA,NA,NA,NA,NA,NA,NA,5,7.45,18.84,5,0,0,0,7.45,0,0,0,0,0,5
834624,1,2014,2014-01-01,23,2.52,5,2829,"RESIDENTIAL_SINGLE","R1","3/4""","POTABLE",15059,69,80.39,NA,NA,NA,NA,NA,NA,NA,NA,NA,NA,23,48.3,59.69,12,4,4,3,17.88,6.8,10.48,13.14,0,0,23
834625,1,2014,2014-01-01,10,2.52,4,2559,"RESIDENTIAL_SINGLE","R1","3/4""","POTABLE",15060,30,41.39,NA,NA,NA,NA,NA,NA,NA,NA,NA,NA,10,15.11,26.5,9,1,0,0,13.41,1.7,0,0,0,0,10
834630,1,2014,2014-01-01,8,2.52,4,1406,"RESIDENTIAL_SINGLE","R1","3/4""","POTABLE",15061,24,35.39,NA,NA,NA,NA,NA,NA,NA,NA,NA,NA,8,11.92,23.31,8,0,0,0,11.92,0,0,0,0,0,8
834631,1,2014,2014-01-01,9,2.52,4,2097,"RESIDENTIAL_SINGLE","R1","3/4""","POTABLE",15062,27,38.39,NA,NA,NA,NA,NA,NA,NA,NA,NA,NA,9,13.41,24.8,9,0,0,0,13.41,0,0,0,0,0,9
834633,1,2014,2014-01-01,17,2.46,4,2231,"RESIDENTIAL_SINGLE","R1","3/4""","POTABLE",15063,51,62.39,NA,NA,NA,NA,NA,NA,NA,NA,NA,NA,17,33.37,44.76,9,3,4,1,13.41,5.1,10.48,4.38,0,0,17
834636,1,2014,2014-01-01,9,2.52,4,2542,"RESIDENTIAL_SINGLE","R1","3/4""","POTABLE",15064,27,38.39,NA,NA,NA,NA,NA,NA,NA,NA,NA,NA,9,13.41,24.8,9,0,0,0,13.41,0,0,0,0,0,9
834638,1,2014,2014-01-01,9,2.52,4,1740,"RESIDENTIAL_SINGLE","R1","3/4""","POTABLE",15065,27,38.39,NA,NA,NA,NA,NA,NA,NA,NA,NA,NA,9,13.41,24.8,9,0,0,0,13.41,0,0,0,0,0,9
834642,1,2014,2014-01-01,3,2.46,5,3107,"RESIDENTIAL_SINGLE","R1","3/4""","POTABLE",15066,9,20.39,NA,NA,NA,NA,NA,NA,NA,NA,NA,NA,3,4.47,15.86,3,0,0,0,4.47,0,0,0,0,0,3
834644,1,2014,2014-01-01,13,2.46,4,4605,"RESIDENTIAL_SINGLE","R1","3/4""","POTABLE",15067,39,50.39,NA,NA,NA,NA,NA,NA,NA,NA,NA,NA,13,20.21,31.6,9,4,0,0,13.41,6.8,0,0,0,0,13
834646,1,2014,2014-01-01,11,2.52,4,3891,"RESIDENTIAL_SINGLE","R1","3/4""","POTABLE",15068,33,44.39,NA,NA,NA,NA,NA,NA,NA,NA,NA,NA,11,16.81,28.2,9,2,0,0,13.41,3.4,0,0,0,0,11
834647,1,2014,2014-01-01,32,2.52,4,4865,"RESIDENTIAL_SINGLE","R1","3/4""","POTABLE",15069,96,107.39,NA,NA,NA,NA,NA,NA,NA,NA,NA,NA,32,120.12,131.51,9,7,5,4,13.41,11.9,13.1,17.52,7,64.19,32
834648,1,2014,2014-01-01,4,2.52,4,5153,"RESIDENTIAL_SINGLE","R1","3/4""","POTABLE",15070,12,23.39,NA,NA,NA,NA,NA,NA,NA,NA,NA,NA,4,5.96,17.35,4,0,0,0,5.96,0,0,0,0,0,4
834649,1,2014,2014-01-01,28,2.58,4,4068,"RESIDENTIAL_SINGLE","R1","3/4""","POTABLE",15071,84,95.39,NA,NA,NA,NA,NA,NA,NA,NA,NA,NA,28,97.46,108.85,9,6,4,4,13.41,10.2,10.48,17.52,5,45.85,28
834653,1,2014,2014-01-01,18,2.52,4,5481,"RESIDENTIAL_SINGLE","R1","3/4""","POTABLE",15072,54,65.39,NA,NA,NA,NA,NA,NA,NA,NA,NA,NA,18,29.63,41.02,9,8,1,0,13.41,13.6,2.62,0,0,0,18
834654,1,2014,2014-01-01,15,2.58,4,4203,"RESIDENTIAL_SINGLE","R1","3/4""","POTABLE",15073,45,56.39,NA,NA,NA,NA,NA,NA,NA,NA,NA,NA,15,23.61,35,9,6,0,0,13.41,10.2,0,0,0,0,15
834655,1,2014,2014-01-01,8,2.52,4,5244,"RESIDENTIAL_SINGLE","R1","3/4""","POTABLE",15074,24,35.39,NA,NA,NA,NA,NA,NA,NA,NA,NA,NA,8,11.92,23.31,8,0,0,0,11.92,0,0,0,0,0,8
834657,1,2014,2014-01-01,11,2.58,4,3662,"RESIDENTIAL_SINGLE","R1","3/4""","POTABLE",15075,33,44.39,NA,NA,NA,NA,NA,NA,NA,NA,NA,NA,11,16.81,28.2,9,2,0,0,13.41,3.4,0,0,0,0,11
834659,1,2014,2014-01-01,19,2.52,4,6130,"RESIDENTIAL_SINGLE","R1","3/4""","POTABLE",15076,57,68.39,NA,NA,NA,NA,NA,NA,NA,NA,NA,NA,19,31.33,42.72,9,9,1,0,13.41,15.3,2.62,0,0,0,19
834661,1,2014,2014-01-01,23,2.52,4,4605,"RESIDENTIAL_SINGLE","R1","3/4""","POTABLE",15077,69,80.39,NA,NA,NA,NA,NA,NA,NA,NA,NA,NA,23,48.93,60.32,9,7,4,3,13.41,11.9,10.48,13.14,0,0,23
834662,1,2014,2014-01-01,13,2.58,5,4600,"RESIDENTIAL_SINGLE","R1","3/4""","POTABLE",15078,39,50.39,NA,NA,NA,NA,NA,NA,NA,NA,NA,NA,13,19.58,30.97,12,1,0,0,17.88,1.7,0,0,0,0,13
834663,1,2014,2014-01-01,19,2.52,4,4600,"RESIDENTIAL_SINGLE","R1","3/4""","POTABLE",15079,57,68.39,NA,NA,NA,NA,NA,NA,NA,NA,NA,NA,19,33.17,44.56,9,7,3,0,13.41,11.9,7.86,0,0,0,19
834665,1,2014,2014-01-01,8,2.52,4,4580,"RESIDENTIAL_SINGLE","R1","3/4""","POTABLE",15080,24,35.39,NA,NA,NA,NA,NA,NA,NA,NA,NA,NA,8,11.92,23.31,8,0,0,0,11.92,0,0,0,0,0,8
834666,1,2014,2014-01-01,9,2.52,4,4325,"RESIDENTIAL_SINGLE","R1","3/4""","POTABLE",15081,27,38.39,NA,NA,NA,NA,NA,NA,NA,NA,NA,NA,9,13.41,24.8,9,0,0,0,13.41,0,0,0,0,0,9
834667,1,2014,2014-01-01,13,2.52,4,4535,"RESIDENTIAL_SINGLE","R1","3/4""","POTABLE",15082,39,50.39,NA,NA,NA,NA,NA,NA,NA,NA,NA,NA,13,20.21,31.6,9,4,0,0,13.41,6.8,0,0,0,0,13
834672,1,2014,2014-01-01,4,2.52,4,5550,"RESIDENTIAL_SINGLE","R1","3/4""","POTABLE",15083,12,23.39,NA,NA,NA,NA,NA,NA,NA,NA,NA,NA,4,5.96,17.35,4,0,0,0,5.96,0,0,0,0,0,4
834675,1,2014,2014-01-01,12,2.52,4,2157,"RESIDENTIAL_SINGLE","R1","3/4""","POTABLE",15084,36,47.39,NA,NA,NA,NA,NA,NA,NA,NA,NA,NA,12,18.51,29.9,9,3,0,0,13.41,5.1,0,0,0,0,12
834676,1,2014,2014-01-01,16,2.52,4,1688,"RESIDENTIAL_SINGLE","R1","3/4""","POTABLE",15085,48,59.39,NA,NA,NA,NA,NA,NA,NA,NA,NA,NA,16,30.75,42.14,9,3,3,1,13.41,5.1,7.86,4.38,0,0,16
834678,1,2014,2014-01-01,10,2.52,4,1930,"RESIDENTIAL_SINGLE","R1","3/4""","POTABLE",15086,30,41.39,NA,NA,NA,NA,NA,NA,NA,NA,NA,NA,10,15.11,26.5,9,1,0,0,13.41,1.7,0,0,0,0,10
834679,1,2014,2014-01-01,21,2.52,6,2393,"RESIDENTIAL_SINGLE","R1","3/4""","POTABLE",15087,63,74.39,NA,NA,NA,NA,NA,NA,NA,NA,NA,NA,21,35.52,46.91,14,4,3,0,20.86,6.8,7.86,0,0,0,21
834680,1,2014,2014-01-01,14,2.52,4,1970,"RESIDENTIAL_SINGLE","R1","3/4""","POTABLE",15088,42,53.39,NA,NA,NA,NA,NA,NA,NA,NA,NA,NA,14,23.75,35.14,9,3,2,0,13.41,5.1,5.24,0,0,0,14
834684,1,2014,2014-01-01,3,2.52,4,1344,"RESIDENTIAL_SINGLE","R1","3/4""","POTABLE",15089,9,20.39,NA,NA,NA,NA,NA,NA,NA,NA,NA,NA,3,4.47,15.86,3,0,0,0,4.47,0,0,0,0,0,3
834688,1,2014,2014-01-01,8,2.52,4,2800,"RESIDENTIAL_SINGLE","R1","3/4""","POTABLE",15090,24,35.39,NA,NA,NA,NA,NA,NA,NA,NA,NA,NA,8,11.92,23.31,8,0,0,0,11.92,0,0,0,0,0,8
834692,1,2014,2014-01-01,17,2.52,4,5060,"RESIDENTIAL_SINGLE","R1","3/4""","POTABLE",15091,51,62.39,NA,NA,NA,NA,NA,NA,NA,NA,NA,NA,17,27.01,38.4,9,8,0,0,13.41,13.6,0,0,0,0,17
834693,1,2014,2014-01-01,25,2.52,4,4099,"RESIDENTIAL_SINGLE","R1","3/4""","POTABLE",15092,75,86.39,NA,NA,NA,NA,NA,NA,NA,NA,NA,NA,25,69.95,81.34,9,6,4,4,13.41,10.2,10.48,17.52,2,18.34,25
834695,1,2014,2014-01-01,9,2.46,4,2725,"RESIDENTIAL_SINGLE","R1","3/4""","POTABLE",15093,27,38.39,NA,NA,NA,NA,NA,NA,NA,NA,NA,NA,9,13.41,24.8,9,0,0,0,13.41,0,0,0,0,0,9
834697,1,2014,2014-01-01,5,2.52,4,2500,"RESIDENTIAL_SINGLE","R1","3/4""","POTABLE",15094,15,26.39,NA,NA,NA,NA,NA,NA,NA,NA,NA,NA,5,7.45,18.84,5,0,0,0,7.45,0,0,0,0,0,5
834709,1,2014,2014-01-01,8,2.46,4,1771,"RESIDENTIAL_SINGLE","R1","3/4""","POTABLE",15095,24,35.39,NA,NA,NA,NA,NA,NA,NA,NA,NA,NA,8,11.92,23.31,8,0,0,0,11.92,0,0,0,0,0,8
834710,1,2014,2014-01-01,16,2.52,4,2218,"RESIDENTIAL_SINGLE","R1","3/4""","POTABLE",15096,48,59.39,NA,NA,NA,NA,NA,NA,NA,NA,NA,NA,16,28.99,40.38,9,3,4,0,13.41,5.1,10.48,0,0,0,16
834711,1,2014,2014-01-01,4,2.52,4,2036,"RESIDENTIAL_SINGLE","R1","3/4""","POTABLE",15097,12,23.39,NA,NA,NA,NA,NA,NA,NA,NA,NA,NA,4,5.96,17.35,4,0,0,0,5.96,0,0,0,0,0,4
834713,1,2014,2014-01-01,8,2.52,4,1799,"RESIDENTIAL_SINGLE","R1","3/4""","POTABLE",15098,24,35.39,NA,NA,NA,NA,NA,NA,NA,NA,NA,NA,8,11.92,23.31,8,0,0,0,11.92,0,0,0,0,0,8
834715,1,2014,2014-01-01,19,2.52,4,1850,"RESIDENTIAL_SINGLE","R1","3/4""","POTABLE",15099,57,68.39,NA,NA,NA,NA,NA,NA,NA,NA,NA,NA,19,48.68,60.07,9,3,3,3,13.41,5.1,7.86,13.14,1,9.17,19
834717,1,2014,2014-01-01,10,2.58,4,3050,"RESIDENTIAL_SINGLE","R1","3/4""","POTABLE",15100,30,41.39,NA,NA,NA,NA,NA,NA,NA,NA,NA,NA,10,15.11,26.5,9,1,0,0,13.41,1.7,0,0,0,0,10
834718,1,2014,2014-01-01,15,2.52,4,2369,"RESIDENTIAL_SINGLE","R1","3/4""","POTABLE",15101,45,56.39,NA,NA,NA,NA,NA,NA,NA,NA,NA,NA,15,25.45,36.84,9,4,2,0,13.41,6.8,5.24,0,0,0,15
834720,1,2014,2014-01-01,18,2.52,4,3722,"RESIDENTIAL_SINGLE","R1","3/4""","POTABLE",15102,54,65.39,NA,NA,NA,NA,NA,NA,NA,NA,NA,NA,18,31.47,42.86,9,6,3,0,13.41,10.2,7.86,0,0,0,18
834722,1,2014,2014-01-01,8,2.52,4,4066,"RESIDENTIAL_SINGLE","R1","3/4""","POTABLE",15103,24,35.39,NA,NA,NA,NA,NA,NA,NA,NA,NA,NA,8,11.92,23.31,8,0,0,0,11.92,0,0,0,0,0,8
834723,1,2014,2014-01-01,10,2.52,5,5606,"RESIDENTIAL_SINGLE","R1","3/4""","POTABLE",15104,30,41.39,NA,NA,NA,NA,NA,NA,NA,NA,NA,NA,10,14.9,26.29,10,0,0,0,14.9,0,0,0,0,0,10
834724,1,2014,2014-01-01,13,2.52,5,3210,"RESIDENTIAL_SINGLE","R1","3/4""","POTABLE",15105,39,50.39,NA,NA,NA,NA,NA,NA,NA,NA,NA,NA,13,19.58,30.97,12,1,0,0,17.88,1.7,0,0,0,0,13
834728,1,2014,2014-01-01,6,2.52,4,2502,"RESIDENTIAL_SINGLE","R1","3/4""","POTABLE",15106,18,29.39,NA,NA,NA,NA,NA,NA,NA,NA,NA,NA,6,8.94,20.33,6,0,0,0,8.94,0,0,0,0,0,6
834732,1,2014,2014-01-01,6,2.52,4,1616,"RESIDENTIAL_SINGLE","R1","3/4""","POTABLE",15107,18,29.39,NA,NA,NA,NA,NA,NA,NA,NA,NA,NA,6,8.94,20.33,6,0,0,0,8.94,0,0,0,0,0,6
834733,1,2014,2014-01-01,20,2.52,4,1741,"RESIDENTIAL_SINGLE","R1","3/4""","POTABLE",15108,60,71.39,NA,NA,NA,NA,NA,NA,NA,NA,NA,NA,20,57.85,69.24,9,3,3,3,13.41,5.1,7.86,13.14,2,18.34,20
834744,1,2014,2014-01-01,51,2.52,5,3163,"RESIDENTIAL_SINGLE","R1","1""","POTABLE",15109,153,164.39,NA,NA,NA,NA,NA,NA,NA,NA,NA,NA,51,293.72,305.11,12,4,5,4,17.88,6.8,13.1,17.52,26,238.42,51
834745,1,2014,2014-01-01,20,2.52,4,9423,"RESIDENTIAL_SINGLE","R1","1""","POTABLE",15110,60,71.39,NA,NA,NA,NA,NA,NA,NA,NA,NA,NA,20,32.11,43.5,9,11,0,0,13.41,18.7,0,0,0,0,20
834749,1,2014,2014-01-01,20,2.46,4,4800,"RESIDENTIAL_SINGLE","R1","1""","POTABLE",15111,60,71.39,NA,NA,NA,NA,NA,NA,NA,NA,NA,NA,20,35.79,47.18,9,7,4,0,13.41,11.9,10.48,0,0,0,20
834751,1,2014,2014-01-01,8,2.52,4,1895,"RESIDENTIAL_SINGLE","R1","1""","POTABLE",15112,24,35.39,NA,NA,NA,NA,NA,NA,NA,NA,NA,NA,8,11.92,23.31,8,0,0,0,11.92,0,0,0,0,0,8
834763,1,2014,2014-01-01,5,2.46,4,5138,"RESIDENTIAL_SINGLE","R1","1""","POTABLE",15113,15,26.39,NA,NA,NA,NA,NA,NA,NA,NA,NA,NA,5,7.45,18.84,5,0,0,0,7.45,0,0,0,0,0,5
834767,1,2014,2014-01-01,10,2.52,4,4070,"RESIDENTIAL_SINGLE","R1","1""","POTABLE",15114,30,41.39,NA,NA,NA,NA,NA,NA,NA,NA,NA,NA,10,15.11,26.5,9,1,0,0,13.41,1.7,0,0,0,0,10
834768,1,2014,2014-01-01,13,2.52,4,6129,"RESIDENTIAL_SINGLE","R1","1""","POTABLE",15115,39,50.39,NA,NA,NA,NA,NA,NA,NA,NA,NA,NA,13,20.21,31.6,9,4,0,0,13.41,6.8,0,0,0,0,13
834769,1,2014,2014-01-01,9,2.52,4,6798,"RESIDENTIAL_SINGLE","R1","1""","POTABLE",15116,27,38.39,NA,NA,NA,NA,NA,NA,NA,NA,NA,NA,9,13.41,24.8,9,0,0,0,13.41,0,0,0,0,0,9
834771,1,2014,2014-01-01,9,2.52,4,3206,"RESIDENTIAL_SINGLE","R1","1""","POTABLE",15117,27,38.39,NA,NA,NA,NA,NA,NA,NA,NA,NA,NA,9,13.41,24.8,9,0,0,0,13.41,0,0,0,0,0,9
834773,1,2014,2014-01-01,10,2.52,4,3600,"RESIDENTIAL_SINGLE","R1","1""","POTABLE",15118,30,41.39,NA,NA,NA,NA,NA,NA,NA,NA,NA,NA,10,15.11,26.5,9,1,0,0,13.41,1.7,0,0,0,0,10
834775,1,2014,2014-01-01,17,2.52,5,1976,"RESIDENTIAL_SINGLE","R1","1""","POTABLE",15119,51,62.39,NA,NA,NA,NA,NA,NA,NA,NA,NA,NA,17,28.22,39.61,12,3,2,0,17.88,5.1,5.24,0,0,0,17
834779,1,2014,2014-01-01,10,2.52,4,4900,"RESIDENTIAL_SINGLE","R1","1""","POTABLE",15120,30,41.39,NA,NA,NA,NA,NA,NA,NA,NA,NA,NA,10,15.11,26.5,9,1,0,0,13.41,1.7,0,0,0,0,10
834781,1,2014,2014-01-01,9,2.52,4,2250,"RESIDENTIAL_SINGLE","R1","1""","POTABLE",15121,27,38.39,NA,NA,NA,NA,NA,NA,NA,NA,NA,NA,9,13.41,24.8,9,0,0,0,13.41,0,0,0,0,0,9
834784,1,2014,2014-01-01,17,2.52,4,2335,"RESIDENTIAL_SINGLE","R1","1""","POTABLE",15122,51,62.39,NA,NA,NA,NA,NA,NA,NA,NA,NA,NA,17,32.45,43.84,9,4,3,1,13.41,6.8,7.86,4.38,0,0,17
834785,1,2014,2014-01-01,24,2.52,6,3150,"RESIDENTIAL_SINGLE","R1","1""","POTABLE",15123,72,83.39,NA,NA,NA,NA,NA,NA,NA,NA,NA,NA,24,42.46,53.85,14,5,5,0,20.86,8.5,13.1,0,0,0,24
834786,1,2014,2014-01-01,11,2.52,5,4100,"RESIDENTIAL_SINGLE","R1","1""","POTABLE",15124,33,44.39,NA,NA,NA,NA,NA,NA,NA,NA,NA,NA,11,16.39,27.78,11,0,0,0,16.39,0,0,0,0,0,11
834788,1,2014,2014-01-01,10,2.46,4,7574,"RESIDENTIAL_SINGLE","R1","1""","POTABLE",15125,30,41.39,NA,NA,NA,NA,NA,NA,NA,NA,NA,NA,10,15.11,26.5,9,1,0,0,13.41,1.7,0,0,0,0,10
834789,1,2014,2014-01-01,46,2.52,4,12089,"RESIDENTIAL_SINGLE","R1","1""","POTABLE",15126,138,149.39,NA,NA,NA,NA,NA,NA,NA,NA,NA,NA,46,138.86,150.25,9,18,7,7,13.41,30.6,18.34,30.66,5,45.85,46
834797,1,2014,2014-01-01,18,2.52,4,3800,"RESIDENTIAL_SINGLE","R1","1""","POTABLE",15127,54,65.39,NA,NA,NA,NA,NA,NA,NA,NA,NA,NA,18,31.47,42.86,9,6,3,0,13.41,10.2,7.86,0,0,0,18
834799,1,2014,2014-01-01,7,2.58,4,3600,"RESIDENTIAL_SINGLE","R1","3/4""","POTABLE",15128,21,32.39,NA,NA,NA,NA,NA,NA,NA,NA,NA,NA,7,10.43,21.82,7,0,0,0,10.43,0,0,0,0,0,7
834801,1,2014,2014-01-01,10,2.52,5,3500,"RESIDENTIAL_SINGLE","R1","3/4""","POTABLE",15129,30,41.39,NA,NA,NA,NA,NA,NA,NA,NA,NA,NA,10,14.9,26.29,10,0,0,0,14.9,0,0,0,0,0,10
834804,1,2014,2014-01-01,8,2.52,4,2900,"RESIDENTIAL_SINGLE","R1","3/4""","POTABLE",15130,24,35.39,NA,NA,NA,NA,NA,NA,NA,NA,NA,NA,8,11.92,23.31,8,0,0,0,11.92,0,0,0,0,0,8
834806,1,2014,2014-01-01,13,2.52,4,3850,"RESIDENTIAL_SINGLE","R1","3/4""","POTABLE",15131,39,50.39,NA,NA,NA,NA,NA,NA,NA,NA,NA,NA,13,20.21,31.6,9,4,0,0,13.41,6.8,0,0,0,0,13
834807,1,2014,2014-01-01,11,2.52,4,2400,"RESIDENTIAL_SINGLE","R1","3/4""","POTABLE",15132,33,44.39,NA,NA,NA,NA,NA,NA,NA,NA,NA,NA,11,16.81,28.2,9,2,0,0,13.41,3.4,0,0,0,0,11
834808,1,2014,2014-01-01,5,2.52,4,2300,"RESIDENTIAL_SINGLE","R1","3/4""","POTABLE",15133,15,26.39,NA,NA,NA,NA,NA,NA,NA,NA,NA,NA,5,7.45,18.84,5,0,0,0,7.45,0,0,0,0,0,5
834812,1,2014,2014-01-01,8,2.52,7,2360,"RESIDENTIAL_SINGLE","R1","3/4""","POTABLE",15134,24,35.39,NA,NA,NA,NA,NA,NA,NA,NA,NA,NA,8,11.92,23.31,8,0,0,0,11.92,0,0,0,0,0,8
834816,1,2014,2014-01-01,10,2.52,4,2770,"RESIDENTIAL_SINGLE","R1","3/4""","POTABLE",15135,30,41.39,NA,NA,NA,NA,NA,NA,NA,NA,NA,NA,10,15.11,26.5,9,1,0,0,13.41,1.7,0,0,0,0,10
834819,1,2014,2014-01-01,9,2.52,4,3928,"RESIDENTIAL_SINGLE","R1","1""","POTABLE",15136,27,38.39,NA,NA,NA,NA,NA,NA,NA,NA,NA,NA,9,13.41,24.8,9,0,0,0,13.41,0,0,0,0,0,9
834820,1,2014,2014-01-01,7,2.52,4,3070,"RESIDENTIAL_SINGLE","R1","3/4""","POTABLE",15137,21,32.39,NA,NA,NA,NA,NA,NA,NA,NA,NA,NA,7,10.43,21.82,7,0,0,0,10.43,0,0,0,0,0,7
834821,1,2014,2014-01-01,11,2.52,4,1650,"RESIDENTIAL_SINGLE","R1","1""","POTABLE",15138,33,44.39,NA,NA,NA,NA,NA,NA,NA,NA,NA,NA,11,16.81,28.2,9,2,0,0,13.41,3.4,0,0,0,0,11
834822,1,2014,2014-01-01,12,2.52,6,3685,"RESIDENTIAL_SINGLE","R1","3/4""","POTABLE",15139,36,47.39,NA,NA,NA,NA,NA,NA,NA,NA,NA,NA,12,17.88,29.27,12,0,0,0,17.88,0,0,0,0,0,12
834828,1,2014,2014-01-01,9,2.52,4,2400,"RESIDENTIAL_SINGLE","R1","3/4""","POTABLE",15140,27,38.39,NA,NA,NA,NA,NA,NA,NA,NA,NA,NA,9,13.41,24.8,9,0,0,0,13.41,0,0,0,0,0,9
834832,1,2014,2014-01-01,13,2.52,4,2610,"RESIDENTIAL_SINGLE","R1","3/4""","POTABLE",15141,39,50.39,NA,NA,NA,NA,NA,NA,NA,NA,NA,NA,13,20.21,31.6,9,4,0,0,13.41,6.8,0,0,0,0,13
834833,1,2014,2014-01-01,11,2.52,4,3475,"RESIDENTIAL_SINGLE","R1","3/4""","POTABLE",15142,33,44.39,NA,NA,NA,NA,NA,NA,NA,NA,NA,NA,11,16.81,28.2,9,2,0,0,13.41,3.4,0,0,0,0,11
834834,1,2014,2014-01-01,3,2.52,4,3385,"RESIDENTIAL_SINGLE","R1","3/4""","POTABLE",15143,9,20.39,NA,NA,NA,NA,NA,NA,NA,NA,NA,NA,3,4.47,15.86,3,0,0,0,4.47,0,0,0,0,0,3
834836,1,2014,2014-01-01,11,2.58,4,8161,"RESIDENTIAL_SINGLE","R1","3/4""","POTABLE",15144,33,44.39,NA,NA,NA,NA,NA,NA,NA,NA,NA,NA,11,16.81,28.2,9,2,0,0,13.41,3.4,0,0,0,0,11
834839,1,2014,2014-01-01,15,2.57,4,2610,"RESIDENTIAL_SINGLE","R1","3/4""","POTABLE",15145,45,56.39,NA,NA,NA,NA,NA,NA,NA,NA,NA,NA,15,25.45,36.84,9,4,2,0,13.41,6.8,5.24,0,0,0,15
834840,1,2014,2014-01-01,15,2.51,4,2650,"RESIDENTIAL_SINGLE","R1","3/4""","POTABLE",15146,45,56.39,NA,NA,NA,NA,NA,NA,NA,NA,NA,NA,15,25.45,36.84,9,4,2,0,13.41,6.8,5.24,0,0,0,15
834842,1,2014,2014-01-01,24,2.45,4,2655,"RESIDENTIAL_SINGLE","R1","3/4""","POTABLE",15147,72,83.39,NA,NA,NA,NA,NA,NA,NA,NA,NA,NA,24,82.27,93.66,9,4,3,4,13.41,6.8,7.86,17.52,4,36.68,24
834843,1,2014,2014-01-01,1,2.51,4,2100,"RESIDENTIAL_SINGLE","R1","3/4""","POTABLE",15148,3,14.39,NA,NA,NA,NA,NA,NA,NA,NA,NA,NA,1,1.49,12.88,1,0,0,0,1.49,0,0,0,0,0,1
834845,1,2014,2014-01-01,13,2.51,4,2060,"RESIDENTIAL_SINGLE","R1","3/4""","POTABLE",15149,39,50.39,NA,NA,NA,NA,NA,NA,NA,NA,NA,NA,13,21.13,32.52,9,3,1,0,13.41,5.1,2.62,0,0,0,13
834849,1,2014,2014-01-01,46,2.51,5,7450,"RESIDENTIAL_SINGLE","R1","3/4""","POTABLE",15150,138,149.39,NA,NA,NA,NA,NA,NA,NA,NA,NA,NA,46,186,197.39,12,11,5,6,17.88,18.7,13.1,26.28,12,110.04,46
834852,1,2014,2014-01-01,10,2.51,4,2015,"RESIDENTIAL_SINGLE","R1","3/4""","POTABLE",15151,30,41.39,NA,NA,NA,NA,NA,NA,NA,NA,NA,NA,10,15.11,26.5,9,1,0,0,13.41,1.7,0,0,0,0,10
834854,1,2014,2014-01-01,14,2.51,4,9225,"RESIDENTIAL_SINGLE","R1","3/4""","POTABLE",15152,42,53.39,NA,NA,NA,NA,NA,NA,NA,NA,NA,NA,14,21.91,33.3,9,5,0,0,13.41,8.5,0,0,0,0,14
834855,1,2014,2014-01-01,7,2.51,4,9910,"RESIDENTIAL_SINGLE","R1","3/4""","POTABLE",15153,21,32.39,NA,NA,NA,NA,NA,NA,NA,NA,NA,NA,7,10.43,21.82,7,0,0,0,10.43,0,0,0,0,0,7
834856,1,2014,2014-01-01,17,2.52,4,7350,"RESIDENTIAL_SINGLE","R1","3/4""","POTABLE",15154,51,62.39,NA,NA,NA,NA,NA,NA,NA,NA,NA,NA,17,27.01,38.4,9,8,0,0,13.41,13.6,0,0,0,0,17
834858,1,2014,2014-01-01,7,2.52,4,5038,"RESIDENTIAL_SINGLE","R1","3/4""","POTABLE",15155,21,32.39,NA,NA,NA,NA,NA,NA,NA,NA,NA,NA,7,10.43,21.82,7,0,0,0,10.43,0,0,0,0,0,7
834860,1,2014,2014-01-01,11,2.52,4,2275,"RESIDENTIAL_SINGLE","R1","3/4""","POTABLE",15156,33,44.39,NA,NA,NA,NA,NA,NA,NA,NA,NA,NA,11,16.81,28.2,9,2,0,0,13.41,3.4,0,0,0,0,11
834862,1,2014,2014-01-01,13,2.52,4,4535,"RESIDENTIAL_SINGLE","R1","3/4""","POTABLE",15157,39,50.39,NA,NA,NA,NA,NA,NA,NA,NA,NA,NA,13,20.21,31.6,9,4,0,0,13.41,6.8,0,0,0,0,13
834864,1,2014,2014-01-01,6,2.58,4,2194,"RESIDENTIAL_SINGLE","R1","3/4""","POTABLE",15158,18,29.39,NA,NA,NA,NA,NA,NA,NA,NA,NA,NA,6,8.94,20.33,6,0,0,0,8.94,0,0,0,0,0,6
834865,1,2014,2014-01-01,8,2.58,4,3000,"RESIDENTIAL_SINGLE","R1","3/4""","POTABLE",15159,24,35.39,NA,NA,NA,NA,NA,NA,NA,NA,NA,NA,8,11.92,23.31,8,0,0,0,11.92,0,0,0,0,0,8
834868,1,2014,2014-01-01,15,2.48,4,9125,"RESIDENTIAL_SINGLE","R1","3/4""","POTABLE",15160,45,56.39,NA,NA,NA,NA,NA,NA,NA,NA,NA,NA,15,23.61,35,9,6,0,0,13.41,10.2,0,0,0,0,15
834869,1,2014,2014-01-01,15,2.48,4,14407,"RESIDENTIAL_SINGLE","R1","3/4""","POTABLE",15161,45,56.39,NA,NA,NA,NA,NA,NA,NA,NA,NA,NA,15,23.61,35,9,6,0,0,13.41,10.2,0,0,0,0,15
834873,1,2014,2014-01-01,12,2.48,4,3780,"RESIDENTIAL_SINGLE","R1","3/4""","POTABLE",15162,36,47.39,NA,NA,NA,NA,NA,NA,NA,NA,NA,NA,12,18.51,29.9,9,3,0,0,13.41,5.1,0,0,0,0,12
834875,1,2014,2014-01-01,8,2.48,4,1750,"RESIDENTIAL_SINGLE","R1","3/4""","POTABLE",15163,24,35.39,NA,NA,NA,NA,NA,NA,NA,NA,NA,NA,8,11.92,23.31,8,0,0,0,11.92,0,0,0,0,0,8
834879,1,2014,2014-01-01,4,2.48,4,3503,"RESIDENTIAL_SINGLE","R1","3/4""","POTABLE",15164,12,23.39,NA,NA,NA,NA,NA,NA,NA,NA,NA,NA,4,5.96,17.35,4,0,0,0,5.96,0,0,0,0,0,4
834881,1,2014,2014-01-01,17,2.48,4,3285,"RESIDENTIAL_SINGLE","R1","3/4""","POTABLE",15165,51,62.39,NA,NA,NA,NA,NA,NA,NA,NA,NA,NA,17,29.77,41.16,9,5,3,0,13.41,8.5,7.86,0,0,0,17
834883,1,2014,2014-01-01,32,2.48,5,2630,"RESIDENTIAL_SINGLE","R1","3/4""","POTABLE",15166,96,107.39,NA,NA,NA,NA,NA,NA,NA,NA,NA,NA,32,133.51,144.9,12,3,4,4,17.88,5.1,10.48,17.52,9,82.53,32
834884,1,2014,2014-01-01,18,2.48,4,2625,"RESIDENTIAL_SINGLE","R1","1""","POTABLE",15167,54,65.39,NA,NA,NA,NA,NA,NA,NA,NA,NA,NA,18,36.83,48.22,9,4,3,2,13.41,6.8,7.86,8.76,0,0,18
834888,1,2014,2014-01-01,6,2.48,4,3215,"RESIDENTIAL_SINGLE","R1","3/4""","POTABLE",15168,18,29.39,NA,NA,NA,NA,NA,NA,NA,NA,NA,NA,6,8.94,20.33,6,0,0,0,8.94,0,0,0,0,0,6
834894,1,2014,2014-01-01,9,2.48,4,5205,"RESIDENTIAL_SINGLE","R1","3/4""","POTABLE",15169,27,38.39,NA,NA,NA,NA,NA,NA,NA,NA,NA,NA,9,13.41,24.8,9,0,0,0,13.41,0,0,0,0,0,9
834896,1,2014,2014-01-01,14,2.48,4,3775,"RESIDENTIAL_SINGLE","R1","3/4""","POTABLE",15170,42,53.39,NA,NA,NA,NA,NA,NA,NA,NA,NA,NA,14,21.91,33.3,9,5,0,0,13.41,8.5,0,0,0,0,14
834897,1,2014,2014-01-01,12,2.48,4,3350,"RESIDENTIAL_SINGLE","R1","3/4""","POTABLE",15171,36,47.39,NA,NA,NA,NA,NA,NA,NA,NA,NA,NA,12,18.51,29.9,9,3,0,0,13.41,5.1,0,0,0,0,12
834898,1,2014,2014-01-01,8,2.48,4,3150,"RESIDENTIAL_SINGLE","R1","3/4""","POTABLE",15172,24,35.39,NA,NA,NA,NA,NA,NA,NA,NA,NA,NA,8,11.92,23.31,8,0,0,0,11.92,0,0,0,0,0,8
834900,1,2014,2014-01-01,10,2.48,4,4325,"RESIDENTIAL_SINGLE","R1","3/4""","POTABLE",15173,30,41.39,NA,NA,NA,NA,NA,NA,NA,NA,NA,NA,10,15.11,26.5,9,1,0,0,13.41,1.7,0,0,0,0,10
834901,1,2014,2014-01-01,13,2.48,4,4825,"RESIDENTIAL_SINGLE","R1","3/4""","POTABLE",15174,39,50.39,NA,NA,NA,NA,NA,NA,NA,NA,NA,NA,13,20.21,31.6,9,4,0,0,13.41,6.8,0,0,0,0,13
834902,1,2014,2014-01-01,9,2.48,4,4450,"RESIDENTIAL_SINGLE","R1","3/4""","POTABLE",15175,27,38.39,NA,NA,NA,NA,NA,NA,NA,NA,NA,NA,9,13.41,24.8,9,0,0,0,13.41,0,0,0,0,0,9
834903,1,2014,2014-01-01,33,2.48,6,7553,"RESIDENTIAL_SINGLE","R1","3/4""","POTABLE",15176,99,110.39,NA,NA,NA,NA,NA,NA,NA,NA,NA,NA,33,64.04,75.43,14,11,6,2,20.86,18.7,15.72,8.76,0,0,33
834907,1,2014,2014-01-01,12,2.48,4,7761,"RESIDENTIAL_SINGLE","R1","3/4""","POTABLE",15177,36,47.39,NA,NA,NA,NA,NA,NA,NA,NA,NA,NA,12,18.51,29.9,9,3,0,0,13.41,5.1,0,0,0,0,12
834908,1,2014,2014-01-01,14,2.48,4,2856,"RESIDENTIAL_SINGLE","R1","3/4""","POTABLE",15178,42,53.39,NA,NA,NA,NA,NA,NA,NA,NA,NA,NA,14,22.83,34.22,9,4,1,0,13.41,6.8,2.62,0,0,0,14
834910,1,2014,2014-01-01,18,2.48,4,6720,"RESIDENTIAL_SINGLE","R1","3/4""","POTABLE",15179,54,65.39,NA,NA,NA,NA,NA,NA,NA,NA,NA,NA,18,28.71,40.1,9,9,0,0,13.41,15.3,0,0,0,0,18
834911,1,2014,2014-01-01,12,2.48,4,3772,"RESIDENTIAL_SINGLE","R1","3/4""","POTABLE",15180,36,47.39,NA,NA,NA,NA,NA,NA,NA,NA,NA,NA,12,18.51,29.9,9,3,0,0,13.41,5.1,0,0,0,0,12
834912,1,2014,2014-01-01,10,2.48,4,4705,"RESIDENTIAL_SINGLE","R1","3/4""","POTABLE",15181,30,41.39,NA,NA,NA,NA,NA,NA,NA,NA,NA,NA,10,15.11,26.5,9,1,0,0,13.41,1.7,0,0,0,0,10
834914,1,2014,2014-01-01,6,2.48,4,4021,"RESIDENTIAL_SINGLE","R1","3/4""","POTABLE",15182,18,29.39,NA,NA,NA,NA,NA,NA,NA,NA,NA,NA,6,8.94,20.33,6,0,0,0,8.94,0,0,0,0,0,6
834916,1,2014,2014-01-01,4,2.48,5,4501,"RESIDENTIAL_SINGLE","R1","3/4""","POTABLE",15183,12,23.39,NA,NA,NA,NA,NA,NA,NA,NA,NA,NA,4,5.96,17.35,4,0,0,0,5.96,0,0,0,0,0,4
834918,1,2014,2014-01-01,12,2.48,4,5140,"RESIDENTIAL_SINGLE","R1","3/4""","POTABLE",15184,36,47.39,NA,NA,NA,NA,NA,NA,NA,NA,NA,NA,12,18.51,29.9,9,3,0,0,13.41,5.1,0,0,0,0,12
834919,1,2014,2014-01-01,4,2.48,4,6534,"RESIDENTIAL_SINGLE","R1","3/4""","POTABLE",15185,12,23.39,NA,NA,NA,NA,NA,NA,NA,NA,NA,NA,4,5.96,17.35,4,0,0,0,5.96,0,0,0,0,0,4
834920,1,2014,2014-01-01,6,2.48,4,1923,"RESIDENTIAL_SINGLE","R1","3/4""","POTABLE",15186,18,29.39,NA,NA,NA,NA,NA,NA,NA,NA,NA,NA,6,8.94,20.33,6,0,0,0,8.94,0,0,0,0,0,6
834923,1,2014,2014-01-01,14,2.48,4,10000,"RESIDENTIAL_SINGLE","R1","3/4""","POTABLE",15187,42,53.39,NA,NA,NA,NA,NA,NA,NA,NA,NA,NA,14,21.91,33.3,9,5,0,0,13.41,8.5,0,0,0,0,14
834924,1,2014,2014-01-01,18,2.48,4,2847,"RESIDENTIAL_SINGLE","R1","3/4""","POTABLE",15188,54,65.39,NA,NA,NA,NA,NA,NA,NA,NA,NA,NA,18,35.07,46.46,9,4,4,1,13.41,6.8,10.48,4.38,0,0,18
834925,1,2014,2014-01-01,23,2.48,4,4790,"RESIDENTIAL_SINGLE","R1","3/4""","POTABLE",15189,69,80.39,NA,NA,NA,NA,NA,NA,NA,NA,NA,NA,23,48.93,60.32,9,7,4,3,13.41,11.9,10.48,13.14,0,0,23
834928,1,2014,2014-01-01,14,2.48,4,3472,"RESIDENTIAL_SINGLE","R1","3/4""","POTABLE",15190,42,53.39,NA,NA,NA,NA,NA,NA,NA,NA,NA,NA,14,21.91,33.3,9,5,0,0,13.41,8.5,0,0,0,0,14
834929,1,2014,2014-01-01,8,2.48,4,1869,"RESIDENTIAL_SINGLE","R1","3/4""","POTABLE",15191,24,35.39,NA,NA,NA,NA,NA,NA,NA,NA,NA,NA,8,11.92,23.31,8,0,0,0,11.92,0,0,0,0,0,8
834931,1,2014,2014-01-01,5,2.48,4,4886,"RESIDENTIAL_SINGLE","R1","3/4""","POTABLE",15192,15,26.39,NA,NA,NA,NA,NA,NA,NA,NA,NA,NA,5,7.45,18.84,5,0,0,0,7.45,0,0,0,0,0,5
834933,1,2014,2014-01-01,14,2.48,4,4409,"RESIDENTIAL_SINGLE","R1","3/4""","POTABLE",15193,42,53.39,NA,NA,NA,NA,NA,NA,NA,NA,NA,NA,14,21.91,33.3,9,5,0,0,13.41,8.5,0,0,0,0,14
834940,1,2014,2014-01-01,6,2.48,4,3231,"RESIDENTIAL_SINGLE","R1","1""","POTABLE",15194,18,29.39,NA,NA,NA,NA,NA,NA,NA,NA,NA,NA,6,8.94,20.33,6,0,0,0,8.94,0,0,0,0,0,6
834942,1,2014,2014-01-01,25,2.48,8,3588,"RESIDENTIAL_SINGLE","R1","3/4""","POTABLE",15195,75,86.39,NA,NA,NA,NA,NA,NA,NA,NA,NA,NA,25,39.43,50.82,19,5,1,0,28.31,8.5,2.62,0,0,0,25
834944,1,2014,2014-01-01,24,2.48,4,2420,"RESIDENTIAL_SINGLE","R1","3/4""","POTABLE",15196,72,83.39,NA,NA,NA,NA,NA,NA,NA,NA,NA,NA,24,87.06,98.45,9,4,3,3,13.41,6.8,7.86,13.14,5,45.85,24
834945,1,2014,2014-01-01,7,2.48,4,1776,"RESIDENTIAL_SINGLE","R1","1""","POTABLE",15197,21,32.39,NA,NA,NA,NA,NA,NA,NA,NA,NA,NA,7,10.43,21.82,7,0,0,0,10.43,0,0,0,0,0,7
834950,1,2014,2014-01-01,6,2.48,4,3147,"RESIDENTIAL_SINGLE","R1","3/4""","POTABLE",15198,18,29.39,NA,NA,NA,NA,NA,NA,NA,NA,NA,NA,6,8.94,20.33,6,0,0,0,8.94,0,0,0,0,0,6
834957,1,2014,2014-01-01,14,2.48,8,2271,"RESIDENTIAL_SINGLE","R1","1""","POTABLE",15199,42,53.39,NA,NA,NA,NA,NA,NA,NA,NA,NA,NA,14,20.86,32.25,14,0,0,0,20.86,0,0,0,0,0,14
834959,1,2014,2014-01-01,34,2.48,4,2711,"RESIDENTIAL_SINGLE","R1","3/4""","POTABLE",15200,102,113.39,NA,NA,NA,NA,NA,NA,NA,NA,NA,NA,34,172.21,183.6,9,4,4,3,13.41,6.8,10.48,13.14,14,128.38,34
834960,1,2014,2014-01-01,15,2.48,4,2115,"RESIDENTIAL_SINGLE","R1","3/4""","POTABLE",15201,45,56.39,NA,NA,NA,NA,NA,NA,NA,NA,NA,NA,15,26.37,37.76,9,3,3,0,13.41,5.1,7.86,0,0,0,15
834964,1,2014,2014-01-01,11,2.48,4,2087,"RESIDENTIAL_SINGLE","R1","3/4""","POTABLE",15202,33,44.39,NA,NA,NA,NA,NA,NA,NA,NA,NA,NA,11,16.81,28.2,9,2,0,0,13.41,3.4,0,0,0,0,11
834965,1,2014,2014-01-01,5,2.48,4,2931,"RESIDENTIAL_SINGLE","R1","3/4""","POTABLE",15203,15,26.39,NA,NA,NA,NA,NA,NA,NA,NA,NA,NA,5,7.45,18.84,5,0,0,0,7.45,0,0,0,0,0,5
834966,1,2014,2014-01-01,10,2.48,4,2883,"RESIDENTIAL_SINGLE","R1","3/4""","POTABLE",15204,30,41.39,NA,NA,NA,NA,NA,NA,NA,NA,NA,NA,10,15.11,26.5,9,1,0,0,13.41,1.7,0,0,0,0,10
834969,1,2014,2014-01-01,5,2.48,4,3048,"RESIDENTIAL_SINGLE","R1","3/4""","POTABLE",15205,15,26.39,NA,NA,NA,NA,NA,NA,NA,NA,NA,NA,5,7.45,18.84,5,0,0,0,7.45,0,0,0,0,0,5
834972,1,2014,2014-01-01,19,2.48,4,4103,"RESIDENTIAL_SINGLE","R1","3/4""","POTABLE",15206,57,68.39,NA,NA,NA,NA,NA,NA,NA,NA,NA,NA,19,34.09,45.48,9,6,4,0,13.41,10.2,10.48,0,0,0,19
834974,1,2014,2014-01-01,8,2.48,4,4043,"RESIDENTIAL_SINGLE","R1","3/4""","POTABLE",15207,24,35.39,NA,NA,NA,NA,NA,NA,NA,NA,NA,NA,8,11.92,23.31,8,0,0,0,11.92,0,0,0,0,0,8
834975,1,2014,2014-01-01,7,2.48,8,4833,"RESIDENTIAL_SINGLE","R1","3/4""","POTABLE",15208,21,32.39,NA,NA,NA,NA,NA,NA,NA,NA,NA,NA,7,10.43,21.82,7,0,0,0,10.43,0,0,0,0,0,7
834978,1,2014,2014-01-01,6,2.48,4,7115,"RESIDENTIAL_SINGLE","R1","3/4""","POTABLE",15209,18,29.39,NA,NA,NA,NA,NA,NA,NA,NA,NA,NA,6,8.94,20.33,6,0,0,0,8.94,0,0,0,0,0,6
834979,1,2014,2014-01-01,41,2.48,8,9988,"RESIDENTIAL_SINGLE","R1","3/4""","POTABLE",15210,123,134.39,NA,NA,NA,NA,NA,NA,NA,NA,NA,NA,41,73.07,84.46,19,14,8,0,28.31,23.8,20.96,0,0,0,41
834980,1,2014,2014-01-01,17,2.48,4,7585,"RESIDENTIAL_SINGLE","R1","3/4""","POTABLE",15211,51,62.39,NA,NA,NA,NA,NA,NA,NA,NA,NA,NA,17,27.01,38.4,9,8,0,0,13.41,13.6,0,0,0,0,17
834982,1,2014,2014-01-01,16,2.48,4,4240,"RESIDENTIAL_SINGLE","R1","3/4""","POTABLE",15212,48,59.39,NA,NA,NA,NA,NA,NA,NA,NA,NA,NA,16,26.23,37.62,9,6,1,0,13.41,10.2,2.62,0,0,0,16
834983,1,2014,2014-01-01,14,2.48,4,2904,"RESIDENTIAL_SINGLE","R1","3/4""","POTABLE",15213,42,53.39,NA,NA,NA,NA,NA,NA,NA,NA,NA,NA,14,22.83,34.22,9,4,1,0,13.41,6.8,2.62,0,0,0,14
834986,1,2014,2014-01-01,18,2.48,4,4942,"RESIDENTIAL_SINGLE","R1","1""","POTABLE",15214,54,65.39,NA,NA,NA,NA,NA,NA,NA,NA,NA,NA,18,30.55,41.94,9,7,2,0,13.41,11.9,5.24,0,0,0,18
834987,1,2014,2014-01-01,10,2.48,5,7000,"RESIDENTIAL_SINGLE","R1","3/4""","POTABLE",15215,30,41.39,NA,NA,NA,NA,NA,NA,NA,NA,NA,NA,10,14.9,26.29,10,0,0,0,14.9,0,0,0,0,0,10
834989,1,2014,2014-01-01,4,2.48,4,8300,"RESIDENTIAL_SINGLE","R1","3/4""","POTABLE",15216,12,23.39,NA,NA,NA,NA,NA,NA,NA,NA,NA,NA,4,5.96,17.35,4,0,0,0,5.96,0,0,0,0,0,4
834990,1,2014,2014-01-01,8,2.48,4,2113,"RESIDENTIAL_SINGLE","R1","3/4""","POTABLE",15217,24,35.39,NA,NA,NA,NA,NA,NA,NA,NA,NA,NA,8,11.92,23.31,8,0,0,0,11.92,0,0,0,0,0,8
834993,1,2014,2014-01-01,15,2.48,8,7896,"RESIDENTIAL_SINGLE","R1","3/4""","POTABLE",15218,45,56.39,NA,NA,NA,NA,NA,NA,NA,NA,NA,NA,15,22.35,33.74,15,0,0,0,22.35,0,0,0,0,0,15
834994,1,2014,2014-01-01,18,2.48,4,8100,"RESIDENTIAL_SINGLE","R1","3/4""","POTABLE",15219,54,65.39,NA,NA,NA,NA,NA,NA,NA,NA,NA,NA,18,28.71,40.1,9,9,0,0,13.41,15.3,0,0,0,0,18
834995,1,2014,2014-01-01,8,2.48,4,4446,"RESIDENTIAL_SINGLE","R1","3/4""","POTABLE",15220,24,35.39,NA,NA,NA,NA,NA,NA,NA,NA,NA,NA,8,11.92,23.31,8,0,0,0,11.92,0,0,0,0,0,8
834998,1,2014,2014-01-01,25,2.52,6,5934,"RESIDENTIAL_SINGLE","R1","1""","POTABLE",15221,75,86.39,NA,NA,NA,NA,NA,NA,NA,NA,NA,NA,25,41.4,52.79,14,9,2,0,20.86,15.3,5.24,0,0,0,25
834999,1,2014,2014-01-01,13,2.52,4,5295,"RESIDENTIAL_SINGLE","R1","1""","POTABLE",15222,39,50.39,NA,NA,NA,NA,NA,NA,NA,NA,NA,NA,13,20.21,31.6,9,4,0,0,13.41,6.8,0,0,0,0,13
835000,1,2014,2014-01-01,9,2.52,4,7053,"RESIDENTIAL_SINGLE","R1","1""","POTABLE",15223,27,38.39,NA,NA,NA,NA,NA,NA,NA,NA,NA,NA,9,13.41,24.8,9,0,0,0,13.41,0,0,0,0,0,9
835006,1,2014,2014-01-01,22,2.48,4,1933,"RESIDENTIAL_SINGLE","R1","1""","POTABLE",15224,66,77.39,NA,NA,NA,NA,NA,NA,NA,NA,NA,NA,22,76.19,87.58,9,3,3,3,13.41,5.1,7.86,13.14,4,36.68,22
835010,1,2014,2014-01-01,7,2.48,4,3340,"RESIDENTIAL_SINGLE","R1","1""","POTABLE",15225,21,32.39,NA,NA,NA,NA,NA,NA,NA,NA,NA,NA,7,10.43,21.82,7,0,0,0,10.43,0,0,0,0,0,7
835012,1,2014,2014-01-01,10,2.48,4,2144,"RESIDENTIAL_SINGLE","R1","1""","POTABLE",15226,30,41.39,NA,NA,NA,NA,NA,NA,NA,NA,NA,NA,10,15.11,26.5,9,1,0,0,13.41,1.7,0,0,0,0,10
835015,1,2014,2014-01-01,3,2.48,4,3510,"RESIDENTIAL_SINGLE","R1","1""","POTABLE",15227,9,20.39,NA,NA,NA,NA,NA,NA,NA,NA,NA,NA,3,4.47,15.86,3,0,0,0,4.47,0,0,0,0,0,3
835017,1,2014,2014-01-01,10,2.48,4,3300,"RESIDENTIAL_SINGLE","R1","1""","POTABLE",15228,30,41.39,NA,NA,NA,NA,NA,NA,NA,NA,NA,NA,10,15.11,26.5,9,1,0,0,13.41,1.7,0,0,0,0,10
835022,1,2014,2014-01-01,17,2.52,4,2882,"RESIDENTIAL_SINGLE","R1","1""","POTABLE",15229,51,62.39,NA,NA,NA,NA,NA,NA,NA,NA,NA,NA,17,30.69,42.08,9,4,4,0,13.41,6.8,10.48,0,0,0,17
835024,1,2014,2014-01-01,33,2.52,4,4796,"RESIDENTIAL_SINGLE","R1","1""","POTABLE",15230,99,110.39,NA,NA,NA,NA,NA,NA,NA,NA,NA,NA,33,131.05,142.44,9,7,4,5,13.41,11.9,10.48,21.9,8,73.36,33
835029,1,2014,2014-01-01,13,2.52,4,1910,"RESIDENTIAL_SINGLE","R1","1""","POTABLE",15231,39,50.39,NA,NA,NA,NA,NA,NA,NA,NA,NA,NA,13,21.13,32.52,9,3,1,0,13.41,5.1,2.62,0,0,0,13
835031,1,2014,2014-01-01,25,2.52,4,4100,"RESIDENTIAL_SINGLE","R1","1""","POTABLE",15232,75,86.39,NA,NA,NA,NA,NA,NA,NA,NA,NA,NA,25,69.95,81.34,9,6,4,4,13.41,10.2,10.48,17.52,2,18.34,25
835033,1,2014,2014-01-01,10,2.48,4,15835,"RESIDENTIAL_SINGLE","R1","3/4""","POTABLE",15233,30,41.39,NA,NA,NA,NA,NA,NA,NA,NA,NA,NA,10,15.11,26.5,9,1,0,0,13.41,1.7,0,0,0,0,10
835034,1,2014,2014-01-01,16,2.48,4,11710,"RESIDENTIAL_SINGLE","R1","3/4""","POTABLE",15234,48,59.39,NA,NA,NA,NA,NA,NA,NA,NA,NA,NA,16,25.31,36.7,9,7,0,0,13.41,11.9,0,0,0,0,16
835035,1,2014,2014-01-01,12,2.48,4,1150,"RESIDENTIAL_SINGLE","R1","3/4""","POTABLE",15235,36,47.39,NA,NA,NA,NA,NA,NA,NA,NA,NA,NA,12,19.43,30.82,9,2,1,0,13.41,3.4,2.62,0,0,0,12
835036,1,2014,2014-01-01,19,2.48,9,8742,"RESIDENTIAL_SINGLE","R1","3/4""","POTABLE",15236,57,68.39,NA,NA,NA,NA,NA,NA,NA,NA,NA,NA,19,28.31,39.7,19,0,0,0,28.31,0,0,0,0,0,19
835038,1,2014,2014-01-01,6,2.48,4,8651,"RESIDENTIAL_SINGLE","R1","3/4""","POTABLE",15237,18,29.39,NA,NA,NA,NA,NA,NA,NA,NA,NA,NA,6,8.94,20.33,6,0,0,0,8.94,0,0,0,0,0,6
835039,1,2014,2014-01-01,1,2.48,4,8632,"RESIDENTIAL_SINGLE","R1","3/4""","POTABLE",15238,3,14.39,NA,NA,NA,NA,NA,NA,NA,NA,NA,NA,1,1.49,12.88,1,0,0,0,1.49,0,0,0,0,0,1
835040,1,2014,2014-01-01,21,2.48,4,8069,"RESIDENTIAL_SINGLE","R1","3/4""","POTABLE",15239,63,74.39,NA,NA,NA,NA,NA,NA,NA,NA,NA,NA,21,33.81,45.2,9,12,0,0,13.41,20.4,0,0,0,0,21
835041,1,2014,2014-01-01,9,2.48,4,7125,"RESIDENTIAL_SINGLE","R1","3/4""","POTABLE",15240,27,38.39,NA,NA,NA,NA,NA,NA,NA,NA,NA,NA,9,13.41,24.8,9,0,0,0,13.41,0,0,0,0,0,9
835043,1,2014,2014-01-01,10,2.48,4,2062,"RESIDENTIAL_SINGLE","R1","3/4""","POTABLE",15241,30,41.39,NA,NA,NA,NA,NA,NA,NA,NA,NA,NA,10,15.11,26.5,9,1,0,0,13.41,1.7,0,0,0,0,10
